"Status","Start Time","Stop Time","Duration in ms","Parent Suite","Suite","Sub Suite","Test Class","Test Method","Name","Description"
"passed","Wed Oct 29 12:10:46 UTC 2025","Wed Oct 29 12:10:46 UTC 2025","0","","github.com/taucuya/ppo/internal/core/service/auth","","github.com/taucuya/ppo/internal/core/service/auth","","TestVerifyTokens_AAA/access_expired,_refresh_valid_-_successful_refresh",""
"passed","Wed Oct 29 12:10:46 UTC 2025","Wed Oct 29 12:10:46 UTC 2025","0","","github.com/taucuya/ppo/internal/repository/postgres/reps/order","","github.com/taucuya/ppo/internal/repository/postgres/reps/order","","TestDelete/database_error_when_deleting_order",""
"passed","Wed Oct 29 12:10:46 UTC 2025","Wed Oct 29 12:10:46 UTC 2025","0","","github.com/taucuya/ppo/internal/core/service/review","","github.com/taucuya/ppo/internal/core/service/review","","TestCreate_AAA/repository_error",""
"passed","Wed Oct 29 12:10:46 UTC 2025","Wed Oct 29 12:10:46 UTC 2025","10","","github.com/taucuya/ppo/internal/repository/postgres/reps/order","","github.com/taucuya/ppo/internal/repository/postgres/reps/order","","TestUpdateStatus",""
"passed","Wed Oct 29 12:10:46 UTC 2025","Wed Oct 29 12:10:46 UTC 2025","0","","github.com/taucuya/ppo/internal/core/service/brand","","github.com/taucuya/ppo/internal/core/service/brand","","TestGetById_AAA/repository_error",""
"passed","Wed Oct 29 12:10:46 UTC 2025","Wed Oct 29 12:10:46 UTC 2025","10","","github.com/taucuya/ppo/internal/repository/postgres/reps/basket","","github.com/taucuya/ppo/internal/repository/postgres/reps/basket","","TestUpdateItemAmount/database_error_when_updating_item_amount",""
"passed","Wed Oct 29 12:10:46 UTC 2025","Wed Oct 29 12:10:46 UTC 2025","0","","github.com/taucuya/ppo/internal/core/service/product","","github.com/taucuya/ppo/internal/core/service/product","","TestGetByArticule_AAA/successful_get_by_articule",""
"passed","Wed Oct 29 12:10:46 UTC 2025","Wed Oct 29 12:10:46 UTC 2025","10","","github.com/taucuya/ppo/internal/repository/postgres/reps/favourites","","github.com/taucuya/ppo/internal/repository/postgres/reps/favourites","","TestGetItems",""
"passed","Wed Oct 29 12:10:46 UTC 2025","Wed Oct 29 12:10:46 UTC 2025","980","","github.com/taucuya/ppo/internal/core/service/auth","","github.com/taucuya/ppo/internal/core/service/auth","","TestRefreshToken_AAA",""
"passed","Wed Oct 29 12:10:46 UTC 2025","Wed Oct 29 12:10:46 UTC 2025","0","","github.com/taucuya/ppo/internal/repository/postgres/reps/order","","github.com/taucuya/ppo/internal/repository/postgres/reps/order","","TestCreate/successful_order_creation",""
"passed","Wed Oct 29 12:10:46 UTC 2025","Wed Oct 29 12:10:46 UTC 2025","0","","github.com/taucuya/ppo/internal/repository/postgres/reps/basket","","github.com/taucuya/ppo/internal/repository/postgres/reps/basket","","TestGetBIdByUId",""
"passed","Wed Oct 29 12:10:46 UTC 2025","Wed Oct 29 12:10:46 UTC 2025","0","","github.com/taucuya/ppo/internal/core/service/basket","","github.com/taucuya/ppo/internal/core/service/basket","","TestAddItem_AAA/repository_error",""
"passed","Wed Oct 29 12:10:46 UTC 2025","Wed Oct 29 12:10:46 UTC 2025","0","","github.com/taucuya/ppo/internal/repository/postgres/reps/user","","github.com/taucuya/ppo/internal/repository/postgres/reps/user","","TestGetByMail",""
"passed","Wed Oct 29 12:10:46 UTC 2025","Wed Oct 29 12:10:46 UTC 2025","0","","github.com/taucuya/ppo/internal/core/service/basket","","github.com/taucuya/ppo/internal/core/service/basket","","TestUpdateItemAmount",""
"passed","Wed Oct 29 12:10:46 UTC 2025","Wed Oct 29 12:10:46 UTC 2025","0","","github.com/taucuya/ppo/internal/repository/postgres/reps/order","","github.com/taucuya/ppo/internal/repository/postgres/reps/order","","TestDelete/order_not_found",""
"passed","Wed Oct 29 12:10:46 UTC 2025","Wed Oct 29 12:10:46 UTC 2025","0","","github.com/taucuya/ppo/internal/core/service/product","","github.com/taucuya/ppo/internal/core/service/product","","TestGetById_AAA/successful_get_by_id",""
"passed","Wed Oct 29 12:10:46 UTC 2025","Wed Oct 29 12:10:46 UTC 2025","0","","github.com/taucuya/ppo/internal/repository/postgres/reps/review","","github.com/taucuya/ppo/internal/repository/postgres/reps/review","","TestCreate/repository_error",""
"passed","Wed Oct 29 12:10:46 UTC 2025","Wed Oct 29 12:10:46 UTC 2025","0","","github.com/taucuya/ppo/internal/repository/postgres/reps/order","","github.com/taucuya/ppo/internal/repository/postgres/reps/order","","TestGetById/successful_get_order_by_id",""
"passed","Wed Oct 29 12:10:46 UTC 2025","Wed Oct 29 12:10:46 UTC 2025","0","","github.com/taucuya/ppo/internal/repository/postgres/reps/worker","","github.com/taucuya/ppo/internal/repository/postgres/reps/worker","","TestDelete/database_error",""
"passed","Wed Oct 29 12:10:46 UTC 2025","Wed Oct 29 12:10:46 UTC 2025","0","","github.com/taucuya/ppo/internal/repository/postgres/reps/review","","github.com/taucuya/ppo/internal/repository/postgres/reps/review","","TestGetById/database_error",""
"passed","Wed Oct 29 12:10:46 UTC 2025","Wed Oct 29 12:10:46 UTC 2025","20","","github.com/taucuya/ppo/internal/repository/postgres/reps/basket","","github.com/taucuya/ppo/internal/repository/postgres/reps/basket","","TestAddItem",""
"passed","Wed Oct 29 12:10:46 UTC 2025","Wed Oct 29 12:10:46 UTC 2025","0","","github.com/taucuya/ppo/internal/repository/postgres/reps/auth","","github.com/taucuya/ppo/internal/repository/postgres/reps/auth","","TestCheckWorker/database_error_when_checking_worker",""
"passed","Wed Oct 29 12:10:46 UTC 2025","Wed Oct 29 12:10:46 UTC 2025","0","","github.com/taucuya/ppo/internal/core/service/order","","github.com/taucuya/ppo/internal/core/service/order","","TestGetItems_AAA/repository_error",""
"passed","Wed Oct 29 12:10:46 UTC 2025","Wed Oct 29 12:10:46 UTC 2025","10","","github.com/taucuya/ppo/internal/repository/postgres/reps/basket","","github.com/taucuya/ppo/internal/repository/postgres/reps/basket","","TestGetById",""
"passed","Wed Oct 29 12:10:46 UTC 2025","Wed Oct 29 12:10:46 UTC 2025","10","","github.com/taucuya/ppo/internal/repository/postgres/reps/order","","github.com/taucuya/ppo/internal/repository/postgres/reps/order","","TestGetFreeOrders",""
"passed","Wed Oct 29 12:10:46 UTC 2025","Wed Oct 29 12:10:46 UTC 2025","0","","github.com/taucuya/ppo/internal/repository/postgres/reps/basket","","github.com/taucuya/ppo/internal/repository/postgres/reps/basket","","TestGetBIdByUId/basket_not_found_for_user",""
"passed","Wed Oct 29 12:10:46 UTC 2025","Wed Oct 29 12:10:46 UTC 2025","0","","github.com/taucuya/ppo/internal/core/service/favourites","","github.com/taucuya/ppo/internal/core/service/favourites","","TestGetItems_AAA",""
"passed","Wed Oct 29 12:10:46 UTC 2025","Wed Oct 29 12:10:46 UTC 2025","0","","github.com/taucuya/ppo/internal/core/service/basket","","github.com/taucuya/ppo/internal/core/service/basket","","TestGetItems_AAA/repository_error",""
"passed","Wed Oct 29 12:10:46 UTC 2025","Wed Oct 29 12:10:46 UTC 2025","0","","github.com/taucuya/ppo/internal/repository/postgres/reps/review","","github.com/taucuya/ppo/internal/repository/postgres/reps/review","","TestCreateWithDifferentReviews/create_low_rating_review",""
"passed","Wed Oct 29 12:10:46 UTC 2025","Wed Oct 29 12:10:46 UTC 2025","0","","github.com/taucuya/ppo/internal/repository/postgres/reps/product","","github.com/taucuya/ppo/internal/repository/postgres/reps/product","","TestCreate/successful_creation",""
"passed","Wed Oct 29 12:10:46 UTC 2025","Wed Oct 29 12:10:46 UTC 2025","0","","github.com/taucuya/ppo/internal/repository/postgres/reps/review","","github.com/taucuya/ppo/internal/repository/postgres/reps/review","","TestDelete/successful_delete",""
"passed","Wed Oct 29 12:10:46 UTC 2025","Wed Oct 29 12:10:46 UTC 2025","0","","github.com/taucuya/ppo/internal/repository/postgres/reps/brand","","github.com/taucuya/ppo/internal/repository/postgres/reps/brand","","TestCreate/brand_creation_error",""
"passed","Wed Oct 29 12:10:46 UTC 2025","Wed Oct 29 12:10:46 UTC 2025","0","","github.com/taucuya/ppo/internal/core/service/auth","","github.com/taucuya/ppo/internal/core/service/auth","","TestCheckRoles_AAA/User_is_not_worker",""
"passed","Wed Oct 29 12:10:46 UTC 2025","Wed Oct 29 12:10:46 UTC 2025","0","","github.com/taucuya/ppo/internal/core/service/brand","","github.com/taucuya/ppo/internal/core/service/brand","","TestDelete_AAA",""
"passed","Wed Oct 29 12:10:46 UTC 2025","Wed Oct 29 12:10:46 UTC 2025","0","","github.com/taucuya/ppo/internal/repository/postgres/reps/favourites","","github.com/taucuya/ppo/internal/repository/postgres/reps/favourites","","TestAddItem/error_adding_item",""
"passed","Wed Oct 29 12:10:46 UTC 2025","Wed Oct 29 12:10:46 UTC 2025","0","","github.com/taucuya/ppo/internal/core/service/user","","github.com/taucuya/ppo/internal/core/service/user","","TestGetById_AAA/repository_error",""
"passed","Wed Oct 29 12:10:46 UTC 2025","Wed Oct 29 12:10:46 UTC 2025","0","","github.com/taucuya/ppo/internal/core/service/basket","","github.com/taucuya/ppo/internal/core/service/basket","","TestUpdateItemAmount/successful_update",""
"passed","Wed Oct 29 12:10:46 UTC 2025","Wed Oct 29 12:10:46 UTC 2025","0","","github.com/taucuya/ppo/internal/core/service/order","","github.com/taucuya/ppo/internal/core/service/order","","TestChangeOrderStatus_AAA/error_updating_status",""
"passed","Wed Oct 29 12:10:46 UTC 2025","Wed Oct 29 12:10:46 UTC 2025","0","","github.com/taucuya/ppo/internal/repository/postgres/reps/review","","github.com/taucuya/ppo/internal/repository/postgres/reps/review","","TestGetById",""
"passed","Wed Oct 29 12:10:46 UTC 2025","Wed Oct 29 12:10:46 UTC 2025","0","","github.com/taucuya/ppo/internal/repository/postgres/reps/brand","","github.com/taucuya/ppo/internal/repository/postgres/reps/brand","","TestCreate/successful_brand_creation",""
"passed","Wed Oct 29 12:10:46 UTC 2025","Wed Oct 29 12:10:46 UTC 2025","0","","github.com/taucuya/ppo/internal/core/service/favourites","","github.com/taucuya/ppo/internal/core/service/favourites","","TestCreate_AAA/repository_error",""
"passed","Wed Oct 29 12:10:46 UTC 2025","Wed Oct 29 12:10:46 UTC 2025","850","","github.com/taucuya/ppo/internal/core/service/user","","github.com/taucuya/ppo/internal/core/service/user","","TestClassicCreate_AAA/successful_creation",""
"passed","Wed Oct 29 12:10:46 UTC 2025","Wed Oct 29 12:10:46 UTC 2025","0","","github.com/taucuya/ppo/internal/repository/postgres/reps/product","","github.com/taucuya/ppo/internal/repository/postgres/reps/product","","TestGetById/successful_get_by_id",""
"passed","Wed Oct 29 12:10:46 UTC 2025","Wed Oct 29 12:10:46 UTC 2025","0","","github.com/taucuya/ppo/internal/core/service/order","","github.com/taucuya/ppo/internal/core/service/order","","TestGetOrdersByUser_AAA/empty_list",""
"passed","Wed Oct 29 12:10:46 UTC 2025","Wed Oct 29 12:10:46 UTC 2025","0","","github.com/taucuya/ppo/internal/core/service/brand","","github.com/taucuya/ppo/internal/core/service/brand","","TestGetAllBrandsInCategory_AAA",""
"passed","Wed Oct 29 12:10:46 UTC 2025","Wed Oct 29 12:10:46 UTC 2025","0","","github.com/taucuya/ppo/internal/core/service/user","","github.com/taucuya/ppo/internal/core/service/user","","TestGetAllUsers_AAA/repository_error",""
"passed","Wed Oct 29 12:10:46 UTC 2025","Wed Oct 29 12:10:46 UTC 2025","10","","github.com/taucuya/ppo/internal/repository/postgres/reps/product","","github.com/taucuya/ppo/internal/repository/postgres/reps/product","","TestGetByBrand/successful_get_by_brand",""
"passed","Wed Oct 29 12:10:46 UTC 2025","Wed Oct 29 12:10:46 UTC 2025","800","","github.com/taucuya/ppo/internal/core/service/auth","","github.com/taucuya/ppo/internal/core/service/auth","","TestVerifyTokens_AAA",""
"passed","Wed Oct 29 12:10:46 UTC 2025","Wed Oct 29 12:10:46 UTC 2025","0","","github.com/taucuya/ppo/internal/core/service/favourites","","github.com/taucuya/ppo/internal/core/service/favourites","","TestGetById_AAA/successful_get",""
"passed","Wed Oct 29 12:10:46 UTC 2025","Wed Oct 29 12:10:46 UTC 2025","0","","github.com/taucuya/ppo/internal/repository/postgres/reps/favourites","","github.com/taucuya/ppo/internal/repository/postgres/reps/favourites","","TestGetById/successful_get_favourites_by_id",""
"passed","Wed Oct 29 12:10:46 UTC 2025","Wed Oct 29 12:10:46 UTC 2025","0","","github.com/taucuya/ppo/internal/repository/postgres/reps/product","","github.com/taucuya/ppo/internal/repository/postgres/reps/product","","TestGetById/database_error",""
"passed","Wed Oct 29 12:10:46 UTC 2025","Wed Oct 29 12:10:46 UTC 2025","0","","github.com/taucuya/ppo/internal/core/service/auth","","github.com/taucuya/ppo/internal/core/service/auth","","TestRefreshToken_AAA/successful_refresh",""
"passed","Wed Oct 29 12:10:46 UTC 2025","Wed Oct 29 12:10:46 UTC 2025","0","","github.com/taucuya/ppo/internal/repository/postgres/reps/user","","github.com/taucuya/ppo/internal/repository/postgres/reps/user","","TestGetAllUsers/empty_list",""
"passed","Wed Oct 29 12:10:46 UTC 2025","Wed Oct 29 12:10:46 UTC 2025","0","","github.com/taucuya/ppo/internal/repository/postgres/reps/favourites","","github.com/taucuya/ppo/internal/repository/postgres/reps/favourites","","TestAddItem/successful_add_item",""
"passed","Wed Oct 29 12:10:46 UTC 2025","Wed Oct 29 12:10:46 UTC 2025","0","","github.com/taucuya/ppo/internal/core/service/user","","github.com/taucuya/ppo/internal/core/service/user","","TestGetAllUsers_AAA/successful_get_all_users",""
"passed","Wed Oct 29 12:10:46 UTC 2025","Wed Oct 29 12:10:46 UTC 2025","0","","github.com/taucuya/ppo/internal/core/service/product","","github.com/taucuya/ppo/internal/core/service/product","","TestDelete_AAA",""
"passed","Wed Oct 29 12:10:46 UTC 2025","Wed Oct 29 12:10:46 UTC 2025","0","","github.com/taucuya/ppo/internal/repository/postgres/reps/product","","github.com/taucuya/ppo/internal/repository/postgres/reps/product","","TestGetByArticule/successful_get_by_articule",""
"passed","Wed Oct 29 12:10:46 UTC 2025","Wed Oct 29 12:10:46 UTC 2025","990","","github.com/taucuya/ppo/internal/core/service/auth","","github.com/taucuya/ppo/internal/core/service/auth","","TestLogIn_AAA/login_error_(wrong_password)",""
"passed","Wed Oct 29 12:10:46 UTC 2025","Wed Oct 29 12:10:46 UTC 2025","10","","github.com/taucuya/ppo/internal/repository/postgres/reps/product","","github.com/taucuya/ppo/internal/repository/postgres/reps/product","","TestCreate",""
"passed","Wed Oct 29 12:10:46 UTC 2025","Wed Oct 29 12:10:46 UTC 2025","10","","github.com/taucuya/ppo/internal/repository/postgres/reps/basket","","github.com/taucuya/ppo/internal/repository/postgres/reps/basket","","TestAddItem/successful_add_new_item",""
"passed","Wed Oct 29 12:10:46 UTC 2025","Wed Oct 29 12:10:46 UTC 2025","0","","github.com/taucuya/ppo/internal/repository/postgres/reps/auth","","github.com/taucuya/ppo/internal/repository/postgres/reps/auth","","TestCheckAdmin/user_is_admin",""
"passed","Wed Oct 29 12:10:46 UTC 2025","Wed Oct 29 12:10:46 UTC 2025","0","","github.com/taucuya/ppo/internal/core/service/auth","","github.com/taucuya/ppo/internal/core/service/auth","","TestVerifyTokens_AAA/refresh_token_invalid",""
"passed","Wed Oct 29 12:10:46 UTC 2025","Wed Oct 29 12:10:46 UTC 2025","860","","github.com/taucuya/ppo/internal/core/service/user","","github.com/taucuya/ppo/internal/core/service/user","","TestClassicCreate_AAA/repository_error_on_basket_creation",""
"passed","Wed Oct 29 12:10:46 UTC 2025","Wed Oct 29 12:10:46 UTC 2025","0","","github.com/taucuya/ppo/internal/repository/postgres/reps/worker","","github.com/taucuya/ppo/internal/repository/postgres/reps/worker","","TestCreate/successful_creation",""
"passed","Wed Oct 29 12:10:46 UTC 2025","Wed Oct 29 12:10:46 UTC 2025","0","","github.com/taucuya/ppo/internal/core/service/brand","","github.com/taucuya/ppo/internal/core/service/brand","","TestCreate_AAA",""
"passed","Wed Oct 29 12:10:46 UTC 2025","Wed Oct 29 12:10:46 UTC 2025","0","","github.com/taucuya/ppo/internal/core/service/worker","","github.com/taucuya/ppo/internal/core/service/worker","","TestAcceptOrder_AAA/successful_accept_order",""
"passed","Wed Oct 29 12:10:46 UTC 2025","Wed Oct 29 12:10:46 UTC 2025","0","","github.com/taucuya/ppo/internal/repository/postgres/reps/auth","","github.com/taucuya/ppo/internal/repository/postgres/reps/auth","","TestVerifyToken/successful_token_verification",""
"passed","Wed Oct 29 12:10:46 UTC 2025","Wed Oct 29 12:10:46 UTC 2025","10","","github.com/taucuya/ppo/internal/repository/postgres/reps/product","","github.com/taucuya/ppo/internal/repository/postgres/reps/product","","TestGetByName",""
"passed","Wed Oct 29 12:10:46 UTC 2025","Wed Oct 29 12:10:46 UTC 2025","0","","github.com/taucuya/ppo/internal/repository/postgres/reps/worker","","github.com/taucuya/ppo/internal/repository/postgres/reps/worker","","TestDelete/successful_delete",""
"passed","Wed Oct 29 12:10:46 UTC 2025","Wed Oct 29 12:10:46 UTC 2025","0","","github.com/taucuya/ppo/internal/core/service/brand","","github.com/taucuya/ppo/internal/core/service/brand","","TestGetAllBrandsInCategory_AAA/empty_category",""
"passed","Wed Oct 29 12:10:46 UTC 2025","Wed Oct 29 12:10:46 UTC 2025","20","","github.com/taucuya/ppo/internal/repository/postgres/reps/basket","","github.com/taucuya/ppo/internal/repository/postgres/reps/basket","","TestUpdateItemAmount",""
"passed","Wed Oct 29 12:10:46 UTC 2025","Wed Oct 29 12:10:46 UTC 2025","0","","github.com/taucuya/ppo/internal/core/service/favourites","","github.com/taucuya/ppo/internal/core/service/favourites","","TestCreate_AAA",""
"passed","Wed Oct 29 12:10:46 UTC 2025","Wed Oct 29 12:10:46 UTC 2025","0","","github.com/taucuya/ppo/internal/core/service/brand","","github.com/taucuya/ppo/internal/core/service/brand","","TestCreate_AAA/repository_error",""
"passed","Wed Oct 29 12:10:46 UTC 2025","Wed Oct 29 12:10:46 UTC 2025","20","","github.com/taucuya/ppo/internal/repository/postgres/reps/product","","github.com/taucuya/ppo/internal/repository/postgres/reps/product","","TestGetByBrand",""
"passed","Wed Oct 29 12:10:46 UTC 2025","Wed Oct 29 12:10:46 UTC 2025","10","","github.com/taucuya/ppo/internal/repository/postgres/reps/product","","github.com/taucuya/ppo/internal/repository/postgres/reps/product","","TestDelete/product_not_found",""
"passed","Wed Oct 29 12:10:46 UTC 2025","Wed Oct 29 12:10:46 UTC 2025","0","","github.com/taucuya/ppo/internal/core/service/product","","github.com/taucuya/ppo/internal/core/service/product","","TestGetByBrand_AAA/successful_get_by_brand",""
"passed","Wed Oct 29 12:10:46 UTC 2025","Wed Oct 29 12:10:46 UTC 2025","0","","github.com/taucuya/ppo/internal/repository/postgres/reps/worker","","github.com/taucuya/ppo/internal/repository/postgres/reps/worker","","TestGetOrders/successful_get_orders",""
"passed","Wed Oct 29 12:10:46 UTC 2025","Wed Oct 29 12:10:46 UTC 2025","0","","github.com/taucuya/ppo/internal/repository/postgres/reps/brand","","github.com/taucuya/ppo/internal/repository/postgres/reps/brand","","TestGetById/database_error_when_getting_brand",""
"passed","Wed Oct 29 12:10:46 UTC 2025","Wed Oct 29 12:10:46 UTC 2025","0","","github.com/taucuya/ppo/internal/repository/postgres/reps/basket","","github.com/taucuya/ppo/internal/repository/postgres/reps/basket","","TestDeleteItem/successful_delete_item",""
"passed","Wed Oct 29 12:10:46 UTC 2025","Wed Oct 29 12:10:46 UTC 2025","0","","github.com/taucuya/ppo/internal/core/service/auth","","github.com/taucuya/ppo/internal/core/service/auth","","TestLogOut_AAA/successful_logout",""
"passed","Wed Oct 29 12:10:46 UTC 2025","Wed Oct 29 12:10:46 UTC 2025","0","","github.com/taucuya/ppo/internal/repository/postgres/reps/brand","","github.com/taucuya/ppo/internal/repository/postgres/reps/brand","","TestDelete/successful_brand_deletion",""
"passed","Wed Oct 29 12:10:46 UTC 2025","Wed Oct 29 12:10:46 UTC 2025","0","","github.com/taucuya/ppo/internal/repository/postgres/reps/order","","github.com/taucuya/ppo/internal/repository/postgres/reps/order","","TestGetById/order_not_found",""
"passed","Wed Oct 29 12:10:46 UTC 2025","Wed Oct 29 12:10:46 UTC 2025","0","","github.com/taucuya/ppo/internal/repository/postgres/reps/user","","github.com/taucuya/ppo/internal/repository/postgres/reps/user","","TestGetByMail/successful_get_by_mail",""
"passed","Wed Oct 29 12:10:46 UTC 2025","Wed Oct 29 12:10:46 UTC 2025","0","","github.com/taucuya/ppo/internal/repository/postgres/reps/order","","github.com/taucuya/ppo/internal/repository/postgres/reps/order","","TestGetItems",""
"passed","Wed Oct 29 12:10:46 UTC 2025","Wed Oct 29 12:10:46 UTC 2025","0","","github.com/taucuya/ppo/internal/repository/postgres/reps/brand","","github.com/taucuya/ppo/internal/repository/postgres/reps/brand","","TestGetAllBrandsInCategory/successful_get_all_brands_in_category",""
"passed","Wed Oct 29 12:10:46 UTC 2025","Wed Oct 29 12:10:46 UTC 2025","0","","github.com/taucuya/ppo/internal/repository/postgres/reps/worker","","github.com/taucuya/ppo/internal/repository/postgres/reps/worker","","TestGetAllWorkers",""
"passed","Wed Oct 29 12:10:46 UTC 2025","Wed Oct 29 12:10:46 UTC 2025","0","","github.com/taucuya/ppo/internal/core/service/review","","github.com/taucuya/ppo/internal/core/service/review","","TestDelete_AAA/successful_delete",""
"passed","Wed Oct 29 12:10:46 UTC 2025","Wed Oct 29 12:10:46 UTC 2025","0","","github.com/taucuya/ppo/internal/repository/postgres/reps/worker","","github.com/taucuya/ppo/internal/repository/postgres/reps/worker","","TestGetAllWorkers/database_error",""
"passed","Wed Oct 29 12:10:46 UTC 2025","Wed Oct 29 12:10:46 UTC 2025","20","","github.com/taucuya/ppo/internal/repository/postgres/reps/favourites","","github.com/taucuya/ppo/internal/repository/postgres/reps/favourites","","TestGetById",""
"passed","Wed Oct 29 12:10:46 UTC 2025","Wed Oct 29 12:10:46 UTC 2025","0","","github.com/taucuya/ppo/internal/core/service/product","","github.com/taucuya/ppo/internal/core/service/product","","TestCreate_AAA/successful_creation",""
"passed","Wed Oct 29 12:10:46 UTC 2025","Wed Oct 29 12:10:46 UTC 2025","0","","github.com/taucuya/ppo/internal/repository/postgres/reps/order","","github.com/taucuya/ppo/internal/repository/postgres/reps/order","","TestUpdateStatus/order_not_found",""
"passed","Wed Oct 29 12:10:46 UTC 2025","Wed Oct 29 12:10:46 UTC 2025","0","","github.com/taucuya/ppo/internal/core/service/order","","github.com/taucuya/ppo/internal/core/service/order","","TestGetOrdersByUser_AAA/repository_error",""
"passed","Wed Oct 29 12:10:46 UTC 2025","Wed Oct 29 12:10:46 UTC 2025","0","","github.com/taucuya/ppo/internal/repository/postgres/reps/basket","","github.com/taucuya/ppo/internal/repository/postgres/reps/basket","","TestAddItem/successful_update_existing_item_amount",""
"passed","Wed Oct 29 12:10:46 UTC 2025","Wed Oct 29 12:10:46 UTC 2025","0","","github.com/taucuya/ppo/internal/core/service/favourites","","github.com/taucuya/ppo/internal/core/service/favourites","","TestAddItem_AAA",""
"passed","Wed Oct 29 12:10:46 UTC 2025","Wed Oct 29 12:10:46 UTC 2025","0","","github.com/taucuya/ppo/internal/repository/postgres/reps/order","","github.com/taucuya/ppo/internal/repository/postgres/reps/order","","TestGetItems/database_error_when_getting_items",""
"passed","Wed Oct 29 12:10:46 UTC 2025","Wed Oct 29 12:10:46 UTC 2025","0","","github.com/taucuya/ppo/internal/core/service/order","","github.com/taucuya/ppo/internal/core/service/order","","TestChangeOrderStatus_AAA/successful_status_change",""
"passed","Wed Oct 29 12:10:46 UTC 2025","Wed Oct 29 12:10:46 UTC 2025","0","","github.com/taucuya/ppo/internal/repository/postgres/reps/auth","","github.com/taucuya/ppo/internal/repository/postgres/reps/auth","","TestCheckAdmin/database_error_when_checking_admin",""
"passed","Wed Oct 29 12:10:46 UTC 2025","Wed Oct 29 12:10:46 UTC 2025","0","","github.com/taucuya/ppo/internal/repository/postgres/reps/review","","github.com/taucuya/ppo/internal/repository/postgres/reps/review","","TestCreateWithDifferentReviews/create_empty_text_review",""
"passed","Wed Oct 29 12:10:46 UTC 2025","Wed Oct 29 12:10:46 UTC 2025","0","","github.com/taucuya/ppo/internal/repository/postgres/reps/worker","","github.com/taucuya/ppo/internal/repository/postgres/reps/worker","","TestGetById/database_error",""
"passed","Wed Oct 29 12:10:46 UTC 2025","Wed Oct 29 12:10:46 UTC 2025","0","","github.com/taucuya/ppo/internal/core/service/review","","github.com/taucuya/ppo/internal/core/service/review","","TestDelete_AAA/repository_error",""
"passed","Wed Oct 29 12:10:46 UTC 2025","Wed Oct 29 12:10:46 UTC 2025","0","","github.com/taucuya/ppo/internal/core/service/order","","github.com/taucuya/ppo/internal/core/service/order","","TestDelete_AAA/repository_error",""
"passed","Wed Oct 29 12:10:46 UTC 2025","Wed Oct 29 12:10:46 UTC 2025","0","","github.com/taucuya/ppo/internal/core/service/brand","","github.com/taucuya/ppo/internal/core/service/brand","","TestGetById_AAA/successful_get",""
"passed","Wed Oct 29 12:10:46 UTC 2025","Wed Oct 29 12:10:46 UTC 2025","10","","github.com/taucuya/ppo/internal/repository/postgres/reps/brand","","github.com/taucuya/ppo/internal/repository/postgres/reps/brand","","TestGetAllBrandsInCategory",""
"passed","Wed Oct 29 12:10:46 UTC 2025","Wed Oct 29 12:10:46 UTC 2025","0","","github.com/taucuya/ppo/internal/repository/postgres/reps/basket","","github.com/taucuya/ppo/internal/repository/postgres/reps/basket","","TestGetItems/successful_get_items",""
"passed","Wed Oct 29 12:10:46 UTC 2025","Wed Oct 29 12:10:46 UTC 2025","0","","github.com/taucuya/ppo/internal/core/service/review","","github.com/taucuya/ppo/internal/core/service/review","","TestReviewsForProduct_AAA/no_reviews_for_product",""
"passed","Wed Oct 29 12:10:46 UTC 2025","Wed Oct 29 12:10:46 UTC 2025","0","","github.com/taucuya/ppo/internal/repository/postgres/reps/review","","github.com/taucuya/ppo/internal/repository/postgres/reps/review","","TestDelete/database_error",""
"passed","Wed Oct 29 12:10:46 UTC 2025","Wed Oct 29 12:10:46 UTC 2025","0","","github.com/taucuya/ppo/internal/core/service/favourites","","github.com/taucuya/ppo/internal/core/service/favourites","","TestCreate_AAA/successful_creation",""
"passed","Wed Oct 29 12:10:46 UTC 2025","Wed Oct 29 12:10:46 UTC 2025","0","","github.com/taucuya/ppo/internal/repository/postgres/reps/favourites","","github.com/taucuya/ppo/internal/repository/postgres/reps/favourites","","TestCreate/successful_favourites_creation",""
"passed","Wed Oct 29 12:10:46 UTC 2025","Wed Oct 29 12:10:46 UTC 2025","10","","github.com/taucuya/ppo/internal/repository/postgres/reps/product","","github.com/taucuya/ppo/internal/repository/postgres/reps/product","","TestGetByBrand/empty_brand",""
"passed","Wed Oct 29 12:10:46 UTC 2025","Wed Oct 29 12:10:46 UTC 2025","0","","github.com/taucuya/ppo/internal/repository/postgres/reps/basket","","github.com/taucuya/ppo/internal/repository/postgres/reps/basket","","TestCreate/successful_basket_creation",""
"passed","Wed Oct 29 12:10:46 UTC 2025","Wed Oct 29 12:10:46 UTC 2025","0","","github.com/taucuya/ppo/internal/core/service/review","","github.com/taucuya/ppo/internal/core/service/review","","TestReviewsForProduct_AAA/repository_error",""
"passed","Wed Oct 29 12:10:46 UTC 2025","Wed Oct 29 12:10:46 UTC 2025","0","","github.com/taucuya/ppo/internal/repository/postgres/reps/worker","","github.com/taucuya/ppo/internal/repository/postgres/reps/worker","","TestCreate/error_inserting_worker",""
"passed","Wed Oct 29 12:10:46 UTC 2025","Wed Oct 29 12:10:46 UTC 2025","0","","github.com/taucuya/ppo/internal/core/service/product","","github.com/taucuya/ppo/internal/core/service/product","","TestGetByBrand_AAA/empty_brand",""
"passed","Wed Oct 29 12:10:46 UTC 2025","Wed Oct 29 12:10:46 UTC 2025","0","","github.com/taucuya/ppo/internal/repository/postgres/reps/favourites","","github.com/taucuya/ppo/internal/repository/postgres/reps/favourites","","TestGetFIdByUId",""
"passed","Wed Oct 29 12:10:46 UTC 2025","Wed Oct 29 12:10:46 UTC 2025","0","","github.com/taucuya/ppo/internal/core/service/user","","github.com/taucuya/ppo/internal/core/service/user","","TestCreate_AAA/repository_error_on_basket_creation",""
"passed","Wed Oct 29 12:10:46 UTC 2025","Wed Oct 29 12:10:46 UTC 2025","0","","github.com/taucuya/ppo/internal/core/service/worker","","github.com/taucuya/ppo/internal/core/service/worker","","TestGetAllWorkers_AAA/empty_list",""
"passed","Wed Oct 29 12:10:46 UTC 2025","Wed Oct 29 12:10:46 UTC 2025","0","","github.com/taucuya/ppo/internal/core/service/auth","","github.com/taucuya/ppo/internal/core/service/auth","","TestLogOut_AAA/logout_error_(token_verification_repo_error)",""
"passed","Wed Oct 29 12:10:46 UTC 2025","Wed Oct 29 12:10:46 UTC 2025","10","","github.com/taucuya/ppo/internal/repository/postgres/reps/order","","github.com/taucuya/ppo/internal/repository/postgres/reps/order","","TestDelete",""
"passed","Wed Oct 29 12:10:46 UTC 2025","Wed Oct 29 12:10:46 UTC 2025","0","","github.com/taucuya/ppo/internal/core/service/basket","","github.com/taucuya/ppo/internal/core/service/basket","","TestGetById_AAA/error_get_(not_found_basket_by_basket_id)",""
"passed","Wed Oct 29 12:10:46 UTC 2025","Wed Oct 29 12:10:46 UTC 2025","0","","github.com/taucuya/ppo/internal/core/service/worker","","github.com/taucuya/ppo/internal/core/service/worker","","TestGetAllWorkers_AAA/repository_error",""
"passed","Wed Oct 29 12:10:46 UTC 2025","Wed Oct 29 12:10:46 UTC 2025","0","","github.com/taucuya/ppo/internal/core/service/basket","","github.com/taucuya/ppo/internal/core/service/basket","","TestGetItems_AAA",""
"passed","Wed Oct 29 12:10:46 UTC 2025","Wed Oct 29 12:10:46 UTC 2025","0","","github.com/taucuya/ppo/internal/core/service/order","","github.com/taucuya/ppo/internal/core/service/order","","TestGetFreeOrders_AAA/successful_get_free_orders",""
"passed","Wed Oct 29 12:10:46 UTC 2025","Wed Oct 29 12:10:46 UTC 2025","0","","github.com/taucuya/ppo/internal/repository/postgres/reps/order","","github.com/taucuya/ppo/internal/repository/postgres/reps/order","","TestGetStatus",""
"passed","Wed Oct 29 12:10:46 UTC 2025","Wed Oct 29 12:10:46 UTC 2025","0","","github.com/taucuya/ppo/internal/repository/postgres/reps/order","","github.com/taucuya/ppo/internal/repository/postgres/reps/order","","TestGetFreeOrders/database_error_when_getting_free_orders",""
"passed","Wed Oct 29 12:10:46 UTC 2025","Wed Oct 29 12:10:46 UTC 2025","0","","github.com/taucuya/ppo/internal/core/service/basket","","github.com/taucuya/ppo/internal/core/service/basket","","TestDeleteItem",""
"passed","Wed Oct 29 12:10:46 UTC 2025","Wed Oct 29 12:10:46 UTC 2025","0","","github.com/taucuya/ppo/internal/core/service/basket","","github.com/taucuya/ppo/internal/core/service/basket","","TestAddItem_AAA/successful_add",""
"passed","Wed Oct 29 12:10:46 UTC 2025","Wed Oct 29 12:10:46 UTC 2025","0","","github.com/taucuya/ppo/internal/core/service/order","","github.com/taucuya/ppo/internal/core/service/order","","TestDelete_AAA",""
"passed","Wed Oct 29 12:10:46 UTC 2025","Wed Oct 29 12:10:46 UTC 2025","910","","github.com/taucuya/ppo/internal/repository/postgres/reps/user","","github.com/taucuya/ppo/internal/repository/postgres/reps/user","","TestCreate/successful_creation",""
"passed","Wed Oct 29 12:10:46 UTC 2025","Wed Oct 29 12:10:46 UTC 2025","0","","github.com/taucuya/ppo/internal/core/service/order","","github.com/taucuya/ppo/internal/core/service/order","","TestGetStatus_AAA/repository_error",""
"passed","Wed Oct 29 12:10:46 UTC 2025","Wed Oct 29 12:10:46 UTC 2025","0","","github.com/taucuya/ppo/internal/core/service/product","","github.com/taucuya/ppo/internal/core/service/product","","TestGetByArticule_AAA",""
"passed","Wed Oct 29 12:10:46 UTC 2025","Wed Oct 29 12:10:46 UTC 2025","0","","github.com/taucuya/ppo/internal/core/service/product","","github.com/taucuya/ppo/internal/core/service/product","","TestDelete_AAA/successful_delete",""
"passed","Wed Oct 29 12:10:46 UTC 2025","Wed Oct 29 12:10:47 UTC 2025","1040","","github.com/taucuya/ppo/internal/core/service/user","","github.com/taucuya/ppo/internal/core/service/user","","TestClassicCreate_AAA/repository_error_on_user_creation",""
"passed","Wed Oct 29 12:10:46 UTC 2025","Wed Oct 29 12:10:46 UTC 2025","0","","github.com/taucuya/ppo/internal/core/service/product","","github.com/taucuya/ppo/internal/core/service/product","","TestGetByBrand_AAA/repository_error",""
"passed","Wed Oct 29 12:10:46 UTC 2025","Wed Oct 29 12:10:46 UTC 2025","0","","github.com/taucuya/ppo/internal/repository/postgres/reps/favourites","","github.com/taucuya/ppo/internal/repository/postgres/reps/favourites","","TestGetFIdByUId/database_error_when_getting_favourites_id",""
"passed","Wed Oct 29 12:10:46 UTC 2025","Wed Oct 29 12:10:46 UTC 2025","0","","github.com/taucuya/ppo/internal/repository/postgres/reps/review","","github.com/taucuya/ppo/internal/repository/postgres/reps/review","","TestCreate",""
"passed","Wed Oct 29 12:10:46 UTC 2025","Wed Oct 29 12:10:46 UTC 2025","810","","github.com/taucuya/ppo/internal/core/service/auth","","github.com/taucuya/ppo/internal/core/service/auth","","TestSignUp_AAA",""
"passed","Wed Oct 29 12:10:46 UTC 2025","Wed Oct 29 12:10:46 UTC 2025","0","","github.com/taucuya/ppo/internal/repository/postgres/reps/favourites","","github.com/taucuya/ppo/internal/repository/postgres/reps/favourites","","TestGetById/favourites_not_found",""
"passed","Wed Oct 29 12:10:46 UTC 2025","Wed Oct 29 12:10:46 UTC 2025","0","","github.com/taucuya/ppo/internal/repository/postgres/reps/auth","","github.com/taucuya/ppo/internal/repository/postgres/reps/auth","","TestCreateToken",""
"passed","Wed Oct 29 12:10:46 UTC 2025","Wed Oct 29 12:10:46 UTC 2025","0","","github.com/taucuya/ppo/internal/core/service/favourites","","github.com/taucuya/ppo/internal/core/service/favourites","","TestDeleteItem_AAA/error_get_favourites_id",""
"passed","Wed Oct 29 12:10:46 UTC 2025","Wed Oct 29 12:10:46 UTC 2025","10","","github.com/taucuya/ppo/internal/repository/postgres/reps/product","","github.com/taucuya/ppo/internal/repository/postgres/reps/product","","TestCreate/repository_error",""
"passed","Wed Oct 29 12:10:46 UTC 2025","Wed Oct 29 12:10:46 UTC 2025","0","","github.com/taucuya/ppo/internal/repository/postgres/reps/favourites","","github.com/taucuya/ppo/internal/repository/postgres/reps/favourites","","TestGetItems/error_getting_favourites_id",""
"passed","Wed Oct 29 12:10:46 UTC 2025","Wed Oct 29 12:10:46 UTC 2025","0","","github.com/taucuya/ppo/internal/core/service/favourites","","github.com/taucuya/ppo/internal/core/service/favourites","","TestDeleteItem_AAA/successful_delete",""
"passed","Wed Oct 29 12:10:46 UTC 2025","Wed Oct 29 12:10:46 UTC 2025","20","","github.com/taucuya/ppo/internal/repository/postgres/reps/basket","","github.com/taucuya/ppo/internal/repository/postgres/reps/basket","","TestDeleteItem",""
"passed","Wed Oct 29 12:10:46 UTC 2025","Wed Oct 29 12:10:46 UTC 2025","0","","github.com/taucuya/ppo/internal/repository/postgres/reps/brand","","github.com/taucuya/ppo/internal/repository/postgres/reps/brand","","TestCreate",""
"passed","Wed Oct 29 12:10:46 UTC 2025","Wed Oct 29 12:10:46 UTC 2025","0","","github.com/taucuya/ppo/internal/repository/postgres/reps/user","","github.com/taucuya/ppo/internal/repository/postgres/reps/user","","TestGetByPhone/successful_get_by_phone",""
"passed","Wed Oct 29 12:10:46 UTC 2025","Wed Oct 29 12:10:46 UTC 2025","880","","github.com/taucuya/ppo/internal/core/service/auth","","github.com/taucuya/ppo/internal/core/service/auth","","TestGetId_AAA",""
"passed","Wed Oct 29 12:10:46 UTC 2025","Wed Oct 29 12:10:46 UTC 2025","0","","github.com/taucuya/ppo/internal/repository/postgres/reps/basket","","github.com/taucuya/ppo/internal/repository/postgres/reps/basket","","TestAddItem/error_inserting_new_item",""
"passed","Wed Oct 29 12:10:46 UTC 2025","Wed Oct 29 12:10:46 UTC 2025","0","","github.com/taucuya/ppo/internal/repository/postgres/reps/basket","","github.com/taucuya/ppo/internal/repository/postgres/reps/basket","","TestCreate",""
"passed","Wed Oct 29 12:10:46 UTC 2025","Wed Oct 29 12:10:46 UTC 2025","0","","github.com/taucuya/ppo/internal/repository/postgres/reps/review","","github.com/taucuya/ppo/internal/repository/postgres/reps/review","","TestReviewsForProduct/no_reviews_for_product",""
"passed","Wed Oct 29 12:10:46 UTC 2025","Wed Oct 29 12:10:46 UTC 2025","0","","github.com/taucuya/ppo/internal/core/service/user","","github.com/taucuya/ppo/internal/core/service/user","","TestGetByMail_AAA/repository_error",""
"passed","Wed Oct 29 12:10:46 UTC 2025","Wed Oct 29 12:10:46 UTC 2025","0","","github.com/taucuya/ppo/internal/core/service/worker","","github.com/taucuya/ppo/internal/core/service/worker","","TestGetOrders_AAA/repository_error",""
"passed","Wed Oct 29 12:10:46 UTC 2025","Wed Oct 29 12:10:46 UTC 2025","0","","github.com/taucuya/ppo/internal/core/service/product","","github.com/taucuya/ppo/internal/core/service/product","","TestGetByCategory_AAA/empty_category",""
"passed","Wed Oct 29 12:10:46 UTC 2025","Wed Oct 29 12:10:46 UTC 2025","0","","github.com/taucuya/ppo/internal/core/service/order","","github.com/taucuya/ppo/internal/core/service/order","","TestChangeOrderStatus_AAA/same_status_-_no_update_needed",""
"passed","Wed Oct 29 12:10:46 UTC 2025","Wed Oct 29 12:10:46 UTC 2025","20","","github.com/taucuya/ppo/internal/repository/postgres/reps/product","","github.com/taucuya/ppo/internal/repository/postgres/reps/product","","TestDelete",""
"passed","Wed Oct 29 12:10:46 UTC 2025","Wed Oct 29 12:10:46 UTC 2025","0","","github.com/taucuya/ppo/internal/repository/postgres/reps/auth","","github.com/taucuya/ppo/internal/repository/postgres/reps/auth","","TestVerifyToken/database_error_when_verifying_token",""
"passed","Wed Oct 29 12:10:46 UTC 2025","Wed Oct 29 12:10:46 UTC 2025","0","","github.com/taucuya/ppo/internal/repository/postgres/reps/review","","github.com/taucuya/ppo/internal/repository/postgres/reps/review","","TestReviewsForProduct/successful_get_reviews_for_product",""
"passed","Wed Oct 29 12:10:46 UTC 2025","Wed Oct 29 12:10:46 UTC 2025","10","","github.com/taucuya/ppo/internal/repository/postgres/reps/auth","","github.com/taucuya/ppo/internal/repository/postgres/reps/auth","","TestCheckAdmin",""
"passed","Wed Oct 29 12:10:46 UTC 2025","Wed Oct 29 12:10:46 UTC 2025","0","","github.com/taucuya/ppo/internal/core/service/product","","github.com/taucuya/ppo/internal/core/service/product","","TestGetById_AAA",""
"passed","Wed Oct 29 12:10:46 UTC 2025","Wed Oct 29 12:10:46 UTC 2025","0","","github.com/taucuya/ppo/internal/core/service/user","","github.com/taucuya/ppo/internal/core/service/user","","TestGetAllUsers_AAA/empty_list",""
"passed","Wed Oct 29 12:15:00 UTC 2025","Wed Oct 29 12:15:00 UTC 2025","150","","github.com/taucuya/ppo/internal/e2e_tests","","github.com/taucuya/ppo/internal/e2e_tests","","TestE2E_UserOrderFlow",""
"passed","Wed Oct 29 12:10:46 UTC 2025","Wed Oct 29 12:10:46 UTC 2025","0","","github.com/taucuya/ppo/internal/core/service/brand","","github.com/taucuya/ppo/internal/core/service/brand","","TestDelete_AAA/repository_error",""
"passed","Wed Oct 29 12:10:46 UTC 2025","Wed Oct 29 12:10:46 UTC 2025","0","","github.com/taucuya/ppo/internal/core/service/auth","","github.com/taucuya/ppo/internal/core/service/auth","","TestCheckRoles_AAA/User_is_worker",""
"passed","Wed Oct 29 12:10:46 UTC 2025","Wed Oct 29 12:10:46 UTC 2025","0","","github.com/taucuya/ppo/internal/core/service/review","","github.com/taucuya/ppo/internal/core/service/review","","TestGetById_AAA",""
"passed","Wed Oct 29 12:10:46 UTC 2025","Wed Oct 29 12:10:46 UTC 2025","0","","github.com/taucuya/ppo/internal/core/service/product","","github.com/taucuya/ppo/internal/core/service/product","","TestDelete_AAA/repository_error",""
"passed","Wed Oct 29 12:10:46 UTC 2025","Wed Oct 29 12:10:46 UTC 2025","0","","github.com/taucuya/ppo/internal/core/service/auth","","github.com/taucuya/ppo/internal/core/service/auth","","TestLogIn_AAA/login_error_(user_not_found)",""
"passed","Wed Oct 29 12:10:46 UTC 2025","Wed Oct 29 12:10:46 UTC 2025","0","","github.com/taucuya/ppo/internal/repository/postgres/reps/basket","","github.com/taucuya/ppo/internal/repository/postgres/reps/basket","","TestDeleteItem/database_error_when_deleting_item",""
"passed","Wed Oct 29 12:10:46 UTC 2025","Wed Oct 29 12:10:46 UTC 2025","0","","github.com/taucuya/ppo/internal/core/service/order","","github.com/taucuya/ppo/internal/core/service/order","","TestGetFreeOrders_AAA",""
"passed","Wed Oct 29 12:10:46 UTC 2025","Wed Oct 29 12:10:46 UTC 2025","0","","github.com/taucuya/ppo/internal/repository/postgres/reps/basket","","github.com/taucuya/ppo/internal/repository/postgres/reps/basket","","TestGetBIdByUId/database_error_when_getting_basket_ID",""
"passed","Wed Oct 29 12:10:46 UTC 2025","Wed Oct 29 12:10:46 UTC 2025","0","","github.com/taucuya/ppo/internal/core/service/order","","github.com/taucuya/ppo/internal/core/service/order","","TestGetOrdersByUser_AAA/successful_get_free_orders",""
"passed","Wed Oct 29 12:10:46 UTC 2025","Wed Oct 29 12:10:46 UTC 2025","0","","github.com/taucuya/ppo/internal/repository/postgres/reps/product","","github.com/taucuya/ppo/internal/repository/postgres/reps/product","","TestGetByCategory/database_error",""
"passed","Wed Oct 29 12:10:46 UTC 2025","Wed Oct 29 12:10:46 UTC 2025","0","","github.com/taucuya/ppo/internal/core/service/favourites","","github.com/taucuya/ppo/internal/core/service/favourites","","TestDeleteItem_AAA",""
"passed","Wed Oct 29 12:10:46 UTC 2025","Wed Oct 29 12:10:46 UTC 2025","0","","github.com/taucuya/ppo/internal/repository/postgres/reps/product","","github.com/taucuya/ppo/internal/repository/postgres/reps/product","","TestGetByName/successful_get_by_name",""
"passed","Wed Oct 29 12:10:46 UTC 2025","Wed Oct 29 12:10:46 UTC 2025","0","","github.com/taucuya/ppo/internal/repository/postgres/reps/product","","github.com/taucuya/ppo/internal/repository/postgres/reps/product","","TestGetByName/product_not_found_by_name",""
"passed","Wed Oct 29 12:10:46 UTC 2025","Wed Oct 29 12:10:46 UTC 2025","860","","github.com/taucuya/ppo/internal/core/service/auth","","github.com/taucuya/ppo/internal/core/service/auth","","TestLogIn_AAA/login_error_(token_generation_error)",""
"passed","Wed Oct 29 12:10:46 UTC 2025","Wed Oct 29 12:10:46 UTC 2025","10","","github.com/taucuya/ppo/internal/repository/postgres/reps/worker","","github.com/taucuya/ppo/internal/repository/postgres/reps/worker","","TestCreate",""
"passed","Wed Oct 29 12:10:46 UTC 2025","Wed Oct 29 12:10:46 UTC 2025","0","","github.com/taucuya/ppo/internal/repository/postgres/reps/auth","","github.com/taucuya/ppo/internal/repository/postgres/reps/auth","","TestCheckAdmin/user_is_not_admin",""
"passed","Wed Oct 29 12:10:46 UTC 2025","Wed Oct 29 12:10:46 UTC 2025","0","","github.com/taucuya/ppo/internal/core/service/order","","github.com/taucuya/ppo/internal/core/service/order","","TestChangeOrderStatus_AAA/error_getting_status",""
"passed","Wed Oct 29 12:10:46 UTC 2025","Wed Oct 29 12:10:46 UTC 2025","0","","github.com/taucuya/ppo/internal/repository/postgres/reps/order","","github.com/taucuya/ppo/internal/repository/postgres/reps/order","","TestDelete/successful_delete_order",""
"passed","Wed Oct 29 12:10:46 UTC 2025","Wed Oct 29 12:10:46 UTC 2025","0","","github.com/taucuya/ppo/internal/core/service/order","","github.com/taucuya/ppo/internal/core/service/order","","TestGetById_AAA",""
"passed","Wed Oct 29 12:10:46 UTC 2025","Wed Oct 29 12:10:46 UTC 2025","10","","github.com/taucuya/ppo/internal/repository/postgres/reps/worker","","github.com/taucuya/ppo/internal/repository/postgres/reps/worker","","TestGetOrders",""
"passed","Wed Oct 29 12:10:46 UTC 2025","Wed Oct 29 12:10:46 UTC 2025","0","","github.com/taucuya/ppo/internal/core/service/basket","","github.com/taucuya/ppo/internal/core/service/basket","","TestDeleteItem/successful_delete",""
"passed","Wed Oct 29 12:10:46 UTC 2025","Wed Oct 29 12:10:46 UTC 2025","0","","github.com/taucuya/ppo/internal/core/service/product","","github.com/taucuya/ppo/internal/core/service/product","","TestGetByArticule_AAA/repository_error",""
"passed","Wed Oct 29 12:10:46 UTC 2025","Wed Oct 29 12:10:46 UTC 2025","0","","github.com/taucuya/ppo/internal/repository/postgres/reps/worker","","github.com/taucuya/ppo/internal/repository/postgres/reps/worker","","TestGetAllWorkers/successful_get_all_workers",""
"passed","Wed Oct 29 12:10:46 UTC 2025","Wed Oct 29 12:10:46 UTC 2025","0","","github.com/taucuya/ppo/internal/repository/postgres/reps/product","","github.com/taucuya/ppo/internal/repository/postgres/reps/product","","TestGetByCategory/successful_get_by_category",""
"passed","Wed Oct 29 12:10:46 UTC 2025","Wed Oct 29 12:10:46 UTC 2025","0","","github.com/taucuya/ppo/internal/core/service/user","","github.com/taucuya/ppo/internal/core/service/user","","TestGetByPhone_AAA",""
"passed","Wed Oct 29 12:10:46 UTC 2025","Wed Oct 29 12:10:46 UTC 2025","0","","github.com/taucuya/ppo/internal/repository/postgres/reps/favourites","","github.com/taucuya/ppo/internal/repository/postgres/reps/favourites","","TestDeleteItem/error_getting_rows_affected",""
"passed","Wed Oct 29 12:10:46 UTC 2025","Wed Oct 29 12:10:46 UTC 2025","10","","github.com/taucuya/ppo/internal/repository/postgres/reps/basket","","github.com/taucuya/ppo/internal/repository/postgres/reps/basket","","TestGetItems/error_getting_basket_ID",""
"passed","Wed Oct 29 12:10:46 UTC 2025","Wed Oct 29 12:10:46 UTC 2025","10","","github.com/taucuya/ppo/internal/repository/postgres/reps/product","","github.com/taucuya/ppo/internal/repository/postgres/reps/product","","TestGetById",""
"passed","Wed Oct 29 12:10:46 UTC 2025","Wed Oct 29 12:10:46 UTC 2025","10","","github.com/taucuya/ppo/internal/repository/postgres/reps/order","","github.com/taucuya/ppo/internal/repository/postgres/reps/order","","TestGetOrdersByUser/no_orders_found_for_user",""
"passed","Wed Oct 29 12:10:46 UTC 2025","Wed Oct 29 12:10:46 UTC 2025","0","","github.com/taucuya/ppo/internal/repository/postgres/reps/order","","github.com/taucuya/ppo/internal/repository/postgres/reps/order","","TestGetItems/no_items_found",""
"passed","Wed Oct 29 12:10:46 UTC 2025","Wed Oct 29 12:10:46 UTC 2025","0","","github.com/taucuya/ppo/internal/repository/postgres/reps/user","","github.com/taucuya/ppo/internal/repository/postgres/reps/user","","TestGetByPhone/user_not_found_by_phone",""
"passed","Wed Oct 29 12:10:46 UTC 2025","Wed Oct 29 12:10:46 UTC 2025","0","","github.com/taucuya/ppo/internal/core/service/favourites","","github.com/taucuya/ppo/internal/core/service/favourites","","TestGetById_AAA",""
"passed","Wed Oct 29 12:10:46 UTC 2025","Wed Oct 29 12:10:46 UTC 2025","0","","github.com/taucuya/ppo/internal/core/service/user","","github.com/taucuya/ppo/internal/core/service/user","","TestGetByPhone_AAA/repository_error",""
"passed","Wed Oct 29 12:10:46 UTC 2025","Wed Oct 29 12:10:46 UTC 2025","0","","github.com/taucuya/ppo/internal/repository/postgres/reps/order","","github.com/taucuya/ppo/internal/repository/postgres/reps/order","","TestGetFreeOrders/no_free_orders_found",""
"passed","Wed Oct 29 12:10:46 UTC 2025","Wed Oct 29 12:10:46 UTC 2025","10","","github.com/taucuya/ppo/internal/repository/postgres/reps/order","","github.com/taucuya/ppo/internal/repository/postgres/reps/order","","TestGetOrdersByUser",""
"passed","Wed Oct 29 12:10:46 UTC 2025","Wed Oct 29 12:10:46 UTC 2025","0","","github.com/taucuya/ppo/internal/repository/postgres/reps/user","","github.com/taucuya/ppo/internal/repository/postgres/reps/user","","TestGetByMail/user_not_found_by_mail",""
"passed","Wed Oct 29 12:10:46 UTC 2025","Wed Oct 29 12:10:46 UTC 2025","0","","github.com/taucuya/ppo/internal/repository/postgres/reps/favourites","","github.com/taucuya/ppo/internal/repository/postgres/reps/favourites","","TestGetById/database_error_when_getting_favourites",""
"passed","Wed Oct 29 12:10:46 UTC 2025","Wed Oct 29 12:10:46 UTC 2025","0","","github.com/taucuya/ppo/internal/core/service/basket","","github.com/taucuya/ppo/internal/core/service/basket","","TestGetItems_AAA/successful_get_items",""
"passed","Wed Oct 29 12:10:46 UTC 2025","Wed Oct 29 12:10:46 UTC 2025","0","","github.com/taucuya/ppo/internal/core/service/product","","github.com/taucuya/ppo/internal/core/service/product","","TestGetByCategory_AAA/repository_error",""
"passed","Wed Oct 29 12:10:46 UTC 2025","Wed Oct 29 12:10:46 UTC 2025","0","","github.com/taucuya/ppo/internal/core/service/favourites","","github.com/taucuya/ppo/internal/core/service/favourites","","TestGetItems_AAA/repository_error",""
"passed","Wed Oct 29 12:10:46 UTC 2025","Wed Oct 29 12:10:49 UTC 2025","3800","","github.com/taucuya/ppo/internal/core/service/user","","github.com/taucuya/ppo/internal/core/service/user","","TestClassicCreate_AAA",""
"passed","Wed Oct 29 12:10:46 UTC 2025","Wed Oct 29 12:10:46 UTC 2025","0","","github.com/taucuya/ppo/internal/repository/postgres/reps/auth","","github.com/taucuya/ppo/internal/repository/postgres/reps/auth","","TestDeleteToken/successful_token_deletion",""
"passed","Wed Oct 29 12:10:46 UTC 2025","Wed Oct 29 12:10:46 UTC 2025","0","","github.com/taucuya/ppo/internal/core/service/order","","github.com/taucuya/ppo/internal/core/service/order","","TestGetFreeOrders_AAA/empty_list",""
"passed","Wed Oct 29 12:10:46 UTC 2025","Wed Oct 29 12:10:46 UTC 2025","10","","github.com/taucuya/ppo/internal/repository/postgres/reps/review","","github.com/taucuya/ppo/internal/repository/postgres/reps/review","","TestCreateWithDifferentReviews",""
"passed","Wed Oct 29 12:10:46 UTC 2025","Wed Oct 29 12:10:46 UTC 2025","0","","github.com/taucuya/ppo/internal/repository/postgres/reps/favourites","","github.com/taucuya/ppo/internal/repository/postgres/reps/favourites","","TestCreate/favourites_creation_error",""
"passed","Wed Oct 29 12:10:46 UTC 2025","Wed Oct 29 12:10:46 UTC 2025","0","","github.com/taucuya/ppo/internal/core/service/order","","github.com/taucuya/ppo/internal/core/service/order","","TestGetById_AAA/repository_error",""
"passed","Wed Oct 29 12:10:46 UTC 2025","Wed Oct 29 12:10:46 UTC 2025","0","","github.com/taucuya/ppo/internal/core/service/favourites","","github.com/taucuya/ppo/internal/core/service/favourites","","TestGetById_AAA/error_get_(not_found_favourites_id_by_user)",""
"passed","Wed Oct 29 12:10:46 UTC 2025","Wed Oct 29 12:10:46 UTC 2025","0","","github.com/taucuya/ppo/internal/core/service/review","","github.com/taucuya/ppo/internal/core/service/review","","TestCreate_AAA/successful_creation",""
"passed","Wed Oct 29 12:10:46 UTC 2025","Wed Oct 29 12:10:46 UTC 2025","0","","github.com/taucuya/ppo/internal/core/service/favourites","","github.com/taucuya/ppo/internal/core/service/favourites","","TestAddItem_AAA/error_get_favourites_id",""
"passed","Wed Oct 29 12:10:46 UTC 2025","Wed Oct 29 12:10:46 UTC 2025","0","","github.com/taucuya/ppo/internal/core/service/worker","","github.com/taucuya/ppo/internal/core/service/worker","","TestCreate_AAA",""
"passed","Wed Oct 29 12:10:46 UTC 2025","Wed Oct 29 12:10:46 UTC 2025","0","","github.com/taucuya/ppo/internal/core/service/auth","","github.com/taucuya/ppo/internal/core/service/auth","","TestCheckRoles_AAA/User_is_admin",""
"passed","Wed Oct 29 12:10:46 UTC 2025","Wed Oct 29 12:10:46 UTC 2025","0","","github.com/taucuya/ppo/internal/core/service/user","","github.com/taucuya/ppo/internal/core/service/user","","TestGetByPhone_AAA/successful_get_by_phone",""
"passed","Wed Oct 29 12:10:46 UTC 2025","Wed Oct 29 12:10:46 UTC 2025","0","","github.com/taucuya/ppo/internal/core/service/review","","github.com/taucuya/ppo/internal/core/service/review","","TestDelete_AAA",""
"passed","Wed Oct 29 12:10:46 UTC 2025","Wed Oct 29 12:10:46 UTC 2025","0","","github.com/taucuya/ppo/internal/repository/postgres/reps/worker","","github.com/taucuya/ppo/internal/repository/postgres/reps/worker","","TestAcceptOrder/database_error",""
"passed","Wed Oct 29 12:10:46 UTC 2025","Wed Oct 29 12:10:46 UTC 2025","0","","github.com/taucuya/ppo/internal/core/service/order","","github.com/taucuya/ppo/internal/core/service/order","","TestChangeOrderStatus_AAA",""
"passed","Wed Oct 29 12:10:46 UTC 2025","Wed Oct 29 12:10:46 UTC 2025","0","","github.com/taucuya/ppo/internal/core/service/favourites","","github.com/taucuya/ppo/internal/core/service/favourites","","TestGetItems_AAA/successful_get_items",""
"passed","Wed Oct 29 12:10:46 UTC 2025","Wed Oct 29 12:10:46 UTC 2025","0","","github.com/taucuya/ppo/internal/core/service/order","","github.com/taucuya/ppo/internal/core/service/order","","TestGetItems_AAA/successful_get_items",""
"passed","Wed Oct 29 12:10:46 UTC 2025","Wed Oct 29 12:10:46 UTC 2025","0","","github.com/taucuya/ppo/internal/core/service/user","","github.com/taucuya/ppo/internal/core/service/user","","TestCreate_AAA/repository_error_on_favourites_creation",""
"passed","Wed Oct 29 12:10:46 UTC 2025","Wed Oct 29 12:10:46 UTC 2025","0","","github.com/taucuya/ppo/internal/core/service/worker","","github.com/taucuya/ppo/internal/core/service/worker","","TestGetById_AAA/successful_get_by_id",""
"passed","Wed Oct 29 12:10:46 UTC 2025","Wed Oct 29 12:10:46 UTC 2025","0","","github.com/taucuya/ppo/internal/core/service/auth","","github.com/taucuya/ppo/internal/core/service/auth","","TestLogOut_AAA/logout_error_(repository_delete_token_error)",""
"passed","Wed Oct 29 12:10:46 UTC 2025","Wed Oct 29 12:10:46 UTC 2025","0","","github.com/taucuya/ppo/internal/repository/postgres/reps/product","","github.com/taucuya/ppo/internal/repository/postgres/reps/product","","TestGetById/product_not_found",""
"passed","Wed Oct 29 12:10:46 UTC 2025","Wed Oct 29 12:10:46 UTC 2025","0","","github.com/taucuya/ppo/internal/repository/postgres/reps/product","","github.com/taucuya/ppo/internal/repository/postgres/reps/product","","TestGetByArticule/product_not_found_by_articule",""
"passed","Wed Oct 29 12:10:46 UTC 2025","Wed Oct 29 12:10:46 UTC 2025","0","","github.com/taucuya/ppo/internal/repository/postgres/reps/order","","github.com/taucuya/ppo/internal/repository/postgres/reps/order","","TestGetItems/successful_get_items",""
"passed","Wed Oct 29 12:10:46 UTC 2025","Wed Oct 29 12:10:46 UTC 2025","0","","github.com/taucuya/ppo/internal/repository/postgres/reps/order","","github.com/taucuya/ppo/internal/repository/postgres/reps/order","","TestGetFreeOrders/successful_get_free_orders",""
"passed","Wed Oct 29 12:10:46 UTC 2025","Wed Oct 29 12:10:46 UTC 2025","10","","github.com/taucuya/ppo/internal/repository/postgres/reps/user","","github.com/taucuya/ppo/internal/repository/postgres/reps/user","","TestGetByPhone",""
"passed","Wed Oct 29 12:10:46 UTC 2025","Wed Oct 29 12:10:46 UTC 2025","0","","github.com/taucuya/ppo/internal/repository/postgres/reps/basket","","github.com/taucuya/ppo/internal/repository/postgres/reps/basket","","TestGetById/basket_not_found",""
"passed","Wed Oct 29 12:10:46 UTC 2025","Wed Oct 29 12:10:46 UTC 2025","0","","github.com/taucuya/ppo/internal/repository/postgres/reps/order","","github.com/taucuya/ppo/internal/repository/postgres/reps/order","","TestGetOrdersByUser/successful_get_orders_by_user",""
"passed","Wed Oct 29 12:10:46 UTC 2025","Wed Oct 29 12:10:46 UTC 2025","0","","github.com/taucuya/ppo/internal/core/service/basket","","github.com/taucuya/ppo/internal/core/service/basket","","TestAddItem_AAA",""
"passed","Wed Oct 29 12:10:46 UTC 2025","Wed Oct 29 12:10:46 UTC 2025","0","","github.com/taucuya/ppo/internal/core/service/auth","","github.com/taucuya/ppo/internal/core/service/auth","","TestCheckRoles_AAA/User_is_not_admin",""
"passed","Wed Oct 29 12:10:46 UTC 2025","Wed Oct 29 12:10:46 UTC 2025","0","","github.com/taucuya/ppo/internal/repository/postgres/reps/review","","github.com/taucuya/ppo/internal/repository/postgres/reps/review","","TestDelete/review_not_found",""
"passed","Wed Oct 29 12:10:46 UTC 2025","Wed Oct 29 12:10:46 UTC 2025","800","","github.com/taucuya/ppo/internal/core/service/auth","","github.com/taucuya/ppo/internal/core/service/auth","","TestLogOut_AAA",""
"passed","Wed Oct 29 12:10:46 UTC 2025","Wed Oct 29 12:10:46 UTC 2025","0","","github.com/taucuya/ppo/internal/core/service/brand","","github.com/taucuya/ppo/internal/core/service/brand","","TestGetAllBrandsInCategory_AAA/repository_error",""
"passed","Wed Oct 29 12:10:46 UTC 2025","Wed Oct 29 12:10:46 UTC 2025","0","","github.com/taucuya/ppo/internal/repository/postgres/reps/worker","","github.com/taucuya/ppo/internal/repository/postgres/reps/worker","","TestGetOrders/error_getting_orders",""
"passed","Wed Oct 29 12:10:46 UTC 2025","Wed Oct 29 12:10:46 UTC 2025","0","","github.com/taucuya/ppo/internal/core/service/user","","github.com/taucuya/ppo/internal/core/service/user","","TestGetByMail_AAA/successful_get_by_mail",""
"passed","Wed Oct 29 12:10:46 UTC 2025","Wed Oct 29 12:10:46 UTC 2025","0","","github.com/taucuya/ppo/internal/repository/postgres/reps/auth","","github.com/taucuya/ppo/internal/repository/postgres/reps/auth","","TestVerifyToken/token_not_found",""
"passed","Wed Oct 29 12:10:46 UTC 2025","Wed Oct 29 12:10:46 UTC 2025","10","","github.com/taucuya/ppo/internal/repository/postgres/reps/auth","","github.com/taucuya/ppo/internal/repository/postgres/reps/auth","","TestVerifyToken",""
"passed","Wed Oct 29 12:10:46 UTC 2025","Wed Oct 29 12:10:46 UTC 2025","0","","github.com/taucuya/ppo/internal/core/service/favourites","","github.com/taucuya/ppo/internal/core/service/favourites","","TestGetById_AAA/error_get_(not_found_favourites_by_id)",""
"passed","Wed Oct 29 12:10:46 UTC 2025","Wed Oct 29 12:10:46 UTC 2025","0","","github.com/taucuya/ppo/internal/repository/postgres/reps/auth","","github.com/taucuya/ppo/internal/repository/postgres/reps/auth","","TestCreateToken/token_creation_error",""
"passed","Wed Oct 29 12:10:46 UTC 2025","Wed Oct 29 12:10:46 UTC 2025","0","","github.com/taucuya/ppo/internal/core/service/order","","github.com/taucuya/ppo/internal/core/service/order","","TestGetStatus_AAA/successful_get_status",""
"passed","Wed Oct 29 12:10:46 UTC 2025","Wed Oct 29 12:10:46 UTC 2025","20","","github.com/taucuya/ppo/internal/repository/postgres/reps/basket","","github.com/taucuya/ppo/internal/repository/postgres/reps/basket","","TestDeleteItem/item_not_found",""
"passed","Wed Oct 29 12:10:46 UTC 2025","Wed Oct 29 12:10:46 UTC 2025","0","","github.com/taucuya/ppo/internal/repository/postgres/reps/order","","github.com/taucuya/ppo/internal/repository/postgres/reps/order","","TestGetStatus/order_not_found",""
"passed","Wed Oct 29 12:10:46 UTC 2025","Wed Oct 29 12:10:48 UTC 2025","2630","","github.com/taucuya/ppo/internal/repository/postgres/reps/user","","github.com/taucuya/ppo/internal/repository/postgres/reps/user","","TestCreate",""
"passed","Wed Oct 29 12:10:46 UTC 2025","Wed Oct 29 12:10:46 UTC 2025","0","","github.com/taucuya/ppo/internal/repository/postgres/reps/favourites","","github.com/taucuya/ppo/internal/repository/postgres/reps/favourites","","TestDeleteItem/item_not_found",""
"passed","Wed Oct 29 12:10:46 UTC 2025","Wed Oct 29 12:10:46 UTC 2025","0","","github.com/taucuya/ppo/internal/repository/postgres/reps/brand","","github.com/taucuya/ppo/internal/repository/postgres/reps/brand","","TestGetAllBrandsInCategory/database_error_when_getting_brands",""
"passed","Wed Oct 29 12:10:46 UTC 2025","Wed Oct 29 12:10:46 UTC 2025","0","","github.com/taucuya/ppo/internal/repository/postgres/reps/product","","github.com/taucuya/ppo/internal/repository/postgres/reps/product","","TestGetByCategory",""
"passed","Wed Oct 29 12:10:46 UTC 2025","Wed Oct 29 12:10:46 UTC 2025","0","","github.com/taucuya/ppo/internal/repository/postgres/reps/worker","","github.com/taucuya/ppo/internal/repository/postgres/reps/worker","","TestAcceptOrder/successful_accept_order",""
"passed","Wed Oct 29 12:10:46 UTC 2025","Wed Oct 29 12:10:46 UTC 2025","0","","github.com/taucuya/ppo/internal/repository/postgres/reps/product","","github.com/taucuya/ppo/internal/repository/postgres/reps/product","","TestGetByCategory/empty_category",""
"passed","Wed Oct 29 12:10:46 UTC 2025","Wed Oct 29 12:10:46 UTC 2025","0","","github.com/taucuya/ppo/internal/repository/postgres/reps/worker","","github.com/taucuya/ppo/internal/repository/postgres/reps/worker","","TestGetById",""
"passed","Wed Oct 29 12:10:46 UTC 2025","Wed Oct 29 12:10:46 UTC 2025","0","","github.com/taucuya/ppo/internal/repository/postgres/reps/user","","github.com/taucuya/ppo/internal/repository/postgres/reps/user","","TestGetAllUsers",""
"passed","Wed Oct 29 12:10:46 UTC 2025","Wed Oct 29 12:10:46 UTC 2025","10","","github.com/taucuya/ppo/internal/repository/postgres/reps/user","","github.com/taucuya/ppo/internal/repository/postgres/reps/user","","TestGetById",""
"passed","Wed Oct 29 12:10:46 UTC 2025","Wed Oct 29 12:10:47 UTC 2025","1000","","github.com/taucuya/ppo/internal/core/service/auth","","github.com/taucuya/ppo/internal/core/service/auth","","TestLogIn_AAA/login_error_(repository_error)",""
"passed","Wed Oct 29 12:10:46 UTC 2025","Wed Oct 29 12:10:46 UTC 2025","940","","github.com/taucuya/ppo/internal/core/service/auth","","github.com/taucuya/ppo/internal/core/service/auth","","TestCheckRoles_AAA",""
"passed","Wed Oct 29 12:10:46 UTC 2025","Wed Oct 29 12:10:46 UTC 2025","0","","github.com/taucuya/ppo/internal/repository/postgres/reps/product","","github.com/taucuya/ppo/internal/repository/postgres/reps/product","","TestGetByArticule",""
"passed","Wed Oct 29 12:10:46 UTC 2025","Wed Oct 29 12:10:46 UTC 2025","0","","github.com/taucuya/ppo/internal/repository/postgres/reps/user","","github.com/taucuya/ppo/internal/repository/postgres/reps/user","","TestGetById/successful_get_by_id",""
"passed","Wed Oct 29 12:10:46 UTC 2025","Wed Oct 29 12:10:46 UTC 2025","740","","github.com/taucuya/ppo/internal/core/service/auth","","github.com/taucuya/ppo/internal/core/service/auth","","TestLogIn_AAA/successful_login",""
"passed","Wed Oct 29 12:10:46 UTC 2025","Wed Oct 29 12:10:46 UTC 2025","850","","github.com/taucuya/ppo/internal/repository/postgres/reps/user","","github.com/taucuya/ppo/internal/repository/postgres/reps/user","","TestCreate/panic_recovery",""
"passed","Wed Oct 29 12:10:46 UTC 2025","Wed Oct 29 12:10:46 UTC 2025","0","","github.com/taucuya/ppo/internal/core/service/worker","","github.com/taucuya/ppo/internal/core/service/worker","","TestGetById_AAA",""
"passed","Wed Oct 29 12:10:46 UTC 2025","Wed Oct 29 12:10:46 UTC 2025","0","","github.com/taucuya/ppo/internal/core/service/auth","","github.com/taucuya/ppo/internal/core/service/auth","","TestLogOut_AAA/logout_error_(token_verification_provider_error)",""
"passed","Wed Oct 29 12:10:46 UTC 2025","Wed Oct 29 12:10:46 UTC 2025","0","","github.com/taucuya/ppo/internal/core/service/worker","","github.com/taucuya/ppo/internal/core/service/worker","","TestGetOrders_AAA/empty_orders",""
"passed","Wed Oct 29 12:10:46 UTC 2025","Wed Oct 29 12:10:46 UTC 2025","0","","github.com/taucuya/ppo/internal/core/service/worker","","github.com/taucuya/ppo/internal/core/service/worker","","TestGetOrders_AAA",""
"passed","Wed Oct 29 12:10:46 UTC 2025","Wed Oct 29 12:10:46 UTC 2025","0","","github.com/taucuya/ppo/internal/core/service/basket","","github.com/taucuya/ppo/internal/core/service/basket","","TestUpdateItemAmount/repository_error",""
"passed","Wed Oct 29 12:10:46 UTC 2025","Wed Oct 29 12:10:46 UTC 2025","0","","github.com/taucuya/ppo/internal/repository/postgres/reps/basket","","github.com/taucuya/ppo/internal/repository/postgres/reps/basket","","TestGetItems/error_getting_items",""
"passed","Wed Oct 29 12:10:46 UTC 2025","Wed Oct 29 12:10:46 UTC 2025","0","","github.com/taucuya/ppo/internal/core/service/auth","","github.com/taucuya/ppo/internal/core/service/auth","","TestVerifyTokens_AAA/both_tokens_valid",""
"passed","Wed Oct 29 12:10:46 UTC 2025","Wed Oct 29 12:10:46 UTC 2025","20","","github.com/taucuya/ppo/internal/repository/postgres/reps/favourites","","github.com/taucuya/ppo/internal/repository/postgres/reps/favourites","","TestDeleteItem",""
"passed","Wed Oct 29 12:10:46 UTC 2025","Wed Oct 29 12:10:46 UTC 2025","0","","github.com/taucuya/ppo/internal/repository/postgres/reps/order","","github.com/taucuya/ppo/internal/repository/postgres/reps/order","","TestGetStatus/database_error_when_getting_status",""
"passed","Wed Oct 29 12:10:46 UTC 2025","Wed Oct 29 12:10:46 UTC 2025","0","","github.com/taucuya/ppo/internal/repository/postgres/reps/favourites","","github.com/taucuya/ppo/internal/repository/postgres/reps/favourites","","TestDeleteItem/successful_delete_item",""
"passed","Wed Oct 29 12:10:46 UTC 2025","Wed Oct 29 12:10:46 UTC 2025","0","","github.com/taucuya/ppo/internal/repository/postgres/reps/auth","","github.com/taucuya/ppo/internal/repository/postgres/reps/auth","","TestCheckWorker/user_is_not_worker",""
"passed","Wed Oct 29 12:10:46 UTC 2025","Wed Oct 29 12:10:46 UTC 2025","0","","github.com/taucuya/ppo/internal/core/service/favourites","","github.com/taucuya/ppo/internal/core/service/favourites","","TestDeleteItem_AAA/repository_error",""
"passed","Wed Oct 29 12:10:46 UTC 2025","Wed Oct 29 12:10:46 UTC 2025","0","","github.com/taucuya/ppo/internal/core/service/user","","github.com/taucuya/ppo/internal/core/service/user","","TestCreate_AAA/repository_error_on_user_creation",""
"passed","Wed Oct 29 12:10:46 UTC 2025","Wed Oct 29 12:10:46 UTC 2025","0","","github.com/taucuya/ppo/internal/core/service/product","","github.com/taucuya/ppo/internal/core/service/product","","TestCreate_AAA/repository_error",""
"passed","Wed Oct 29 12:10:46 UTC 2025","Wed Oct 29 12:10:46 UTC 2025","10","","github.com/taucuya/ppo/internal/repository/postgres/reps/favourites","","github.com/taucuya/ppo/internal/repository/postgres/reps/favourites","","TestDeleteItem/database_error_when_deleting_item",""
"passed","Wed Oct 29 12:10:46 UTC 2025","Wed Oct 29 12:10:46 UTC 2025","0","","github.com/taucuya/ppo/internal/core/service/review","","github.com/taucuya/ppo/internal/core/service/review","","TestGetById_AAA/repository_error",""
"passed","Wed Oct 29 12:10:46 UTC 2025","Wed Oct 29 12:10:46 UTC 2025","0","","github.com/taucuya/ppo/internal/repository/postgres/reps/favourites","","github.com/taucuya/ppo/internal/repository/postgres/reps/favourites","","TestGetItems/error_getting_items",""
"passed","Wed Oct 29 12:10:46 UTC 2025","Wed Oct 29 12:10:46 UTC 2025","0","","github.com/taucuya/ppo/internal/core/service/order","","github.com/taucuya/ppo/internal/core/service/order","","TestGetItems_AAA",""
"passed","Wed Oct 29 12:10:46 UTC 2025","Wed Oct 29 12:10:46 UTC 2025","0","","github.com/taucuya/ppo/internal/repository/postgres/reps/user","","github.com/taucuya/ppo/internal/repository/postgres/reps/user","","TestGetById/user_not_found",""
"passed","Wed Oct 29 12:10:46 UTC 2025","Wed Oct 29 12:10:46 UTC 2025","0","","github.com/taucuya/ppo/internal/core/service/product","","github.com/taucuya/ppo/internal/core/service/product","","TestGetByCategory_AAA",""
"passed","Wed Oct 29 12:10:46 UTC 2025","Wed Oct 29 12:10:46 UTC 2025","0","","github.com/taucuya/ppo/internal/core/service/auth","","github.com/taucuya/ppo/internal/core/service/auth","","TestSignUp_AAA/successful_sign-up",""
"passed","Wed Oct 29 12:10:46 UTC 2025","Wed Oct 29 12:10:46 UTC 2025","0","","github.com/taucuya/ppo/internal/core/service/basket","","github.com/taucuya/ppo/internal/core/service/basket","","TestGetById_AAA",""
"passed","Wed Oct 29 12:10:46 UTC 2025","Wed Oct 29 12:10:46 UTC 2025","0","","github.com/taucuya/ppo/internal/core/service/order","","github.com/taucuya/ppo/internal/core/service/order","","TestGetStatus_AAA",""
"passed","Wed Oct 29 12:10:46 UTC 2025","Wed Oct 29 12:10:46 UTC 2025","0","","github.com/taucuya/ppo/internal/repository/postgres/reps/brand","","github.com/taucuya/ppo/internal/repository/postgres/reps/brand","","TestGetById",""
"passed","Wed Oct 29 12:10:46 UTC 2025","Wed Oct 29 12:10:46 UTC 2025","0","","github.com/taucuya/ppo/internal/repository/postgres/reps/order","","github.com/taucuya/ppo/internal/repository/postgres/reps/order","","TestGetStatus/successful_get_status",""
"passed","Wed Oct 29 12:10:46 UTC 2025","Wed Oct 29 12:10:46 UTC 2025","0","","github.com/taucuya/ppo/internal/core/service/product","","github.com/taucuya/ppo/internal/core/service/product","","TestGetById_AAA/repository_error",""
"passed","Wed Oct 29 12:10:46 UTC 2025","Wed Oct 29 12:10:46 UTC 2025","0","","github.com/taucuya/ppo/internal/repository/postgres/reps/user","","github.com/taucuya/ppo/internal/repository/postgres/reps/user","","TestGetAllUsers/successful_get_all_users",""
"passed","Wed Oct 29 12:10:46 UTC 2025","Wed Oct 29 12:10:46 UTC 2025","0","","github.com/taucuya/ppo/internal/repository/postgres/reps/review","","github.com/taucuya/ppo/internal/repository/postgres/reps/review","","TestCreate/successful_creation",""
"passed","Wed Oct 29 12:10:46 UTC 2025","Wed Oct 29 12:10:46 UTC 2025","0","","github.com/taucuya/ppo/internal/repository/postgres/reps/basket","","github.com/taucuya/ppo/internal/repository/postgres/reps/basket","","TestGetBIdByUId/successful_get_basket_ID_by_user_ID",""
"passed","Wed Oct 29 12:10:46 UTC 2025","Wed Oct 29 12:10:46 UTC 2025","0","","github.com/taucuya/ppo/internal/core/service/worker","","github.com/taucuya/ppo/internal/core/service/worker","","TestAcceptOrder_AAA/repository_error",""
"passed","Wed Oct 29 12:10:46 UTC 2025","Wed Oct 29 12:10:46 UTC 2025","0","","github.com/taucuya/ppo/internal/core/service/basket","","github.com/taucuya/ppo/internal/core/service/basket","","TestGetById_AAA/successful_get",""
"passed","Wed Oct 29 12:10:46 UTC 2025","Wed Oct 29 12:10:46 UTC 2025","0","","github.com/taucuya/ppo/internal/repository/postgres/reps/favourites","","github.com/taucuya/ppo/internal/repository/postgres/reps/favourites","","TestGetItems/no_items_found",""
"passed","Wed Oct 29 12:10:46 UTC 2025","Wed Oct 29 12:10:46 UTC 2025","0","","github.com/taucuya/ppo/internal/repository/postgres/reps/basket","","github.com/taucuya/ppo/internal/repository/postgres/reps/basket","","TestGetById/database_error_when_getting_basket",""
"passed","Wed Oct 29 12:10:46 UTC 2025","Wed Oct 29 12:10:46 UTC 2025","0","","github.com/taucuya/ppo/internal/core/service/auth","","github.com/taucuya/ppo/internal/core/service/auth","","TestGetId_AAA/extraction_error",""
"passed","Wed Oct 29 12:10:46 UTC 2025","Wed Oct 29 12:10:46 UTC 2025","0","","github.com/taucuya/ppo/internal/core/service/worker","","github.com/taucuya/ppo/internal/core/service/worker","","TestAcceptOrder_AAA",""
"passed","Wed Oct 29 12:10:46 UTC 2025","Wed Oct 29 12:10:46 UTC 2025","0","","github.com/taucuya/ppo/internal/core/service/user","","github.com/taucuya/ppo/internal/core/service/user","","TestGetById_AAA",""
"passed","Wed Oct 29 12:10:46 UTC 2025","Wed Oct 29 12:10:46 UTC 2025","10","","github.com/taucuya/ppo/internal/repository/postgres/reps/auth","","github.com/taucuya/ppo/internal/repository/postgres/reps/auth","","TestDeleteToken",""
"passed","Wed Oct 29 12:10:46 UTC 2025","Wed Oct 29 12:10:46 UTC 2025","0","","github.com/taucuya/ppo/internal/repository/postgres/reps/order","","github.com/taucuya/ppo/internal/repository/postgres/reps/order","","TestGetById/database_error_when_getting_order",""
"passed","Wed Oct 29 12:10:46 UTC 2025","Wed Oct 29 12:10:46 UTC 2025","0","","github.com/taucuya/ppo/internal/core/service/product","","github.com/taucuya/ppo/internal/core/service/product","","TestGetByCategory_AAA/successful_get_by_category",""
"passed","Wed Oct 29 12:10:46 UTC 2025","Wed Oct 29 12:10:46 UTC 2025","0","","github.com/taucuya/ppo/internal/core/service/user","","github.com/taucuya/ppo/internal/core/service/user","","TestGetByMail_AAA",""
"passed","Wed Oct 29 12:10:46 UTC 2025","Wed Oct 29 12:10:46 UTC 2025","0","","github.com/taucuya/ppo/internal/core/service/brand","","github.com/taucuya/ppo/internal/core/service/brand","","TestCreate_AAA/successful_creation",""
"passed","Wed Oct 29 12:10:46 UTC 2025","Wed Oct 29 12:10:46 UTC 2025","0","","github.com/taucuya/ppo/internal/core/service/brand","","github.com/taucuya/ppo/internal/core/service/brand","","TestDelete_AAA/successful_delete",""
"passed","Wed Oct 29 12:10:46 UTC 2025","Wed Oct 29 12:10:46 UTC 2025","0","","github.com/taucuya/ppo/internal/core/service/review","","github.com/taucuya/ppo/internal/core/service/review","","TestReviewsForProduct_AAA/successful_get_reviews_for_product",""
"passed","Wed Oct 29 12:10:46 UTC 2025","Wed Oct 29 12:10:46 UTC 2025","0","","github.com/taucuya/ppo/internal/repository/postgres/reps/user","","github.com/taucuya/ppo/internal/repository/postgres/reps/user","","TestGetByMail/database_error",""
"passed","Wed Oct 29 12:10:46 UTC 2025","Wed Oct 29 12:10:46 UTC 2025","0","","github.com/taucuya/ppo/internal/core/service/favourites","","github.com/taucuya/ppo/internal/core/service/favourites","","TestAddItem_AAA/repository_error",""
"passed","Wed Oct 29 12:10:46 UTC 2025","Wed Oct 29 12:10:46 UTC 2025","0","","github.com/taucuya/ppo/internal/repository/postgres/reps/brand","","github.com/taucuya/ppo/internal/repository/postgres/reps/brand","","TestDelete/database_error_when_deleting_brand",""
"passed","Wed Oct 29 12:10:46 UTC 2025","Wed Oct 29 12:10:46 UTC 2025","20","","github.com/taucuya/ppo/internal/repository/postgres/reps/basket","","github.com/taucuya/ppo/internal/repository/postgres/reps/basket","","TestGetItems",""
"passed","Wed Oct 29 12:10:46 UTC 2025","Wed Oct 29 12:10:46 UTC 2025","0","","github.com/taucuya/ppo/internal/repository/postgres/reps/basket","","github.com/taucuya/ppo/internal/repository/postgres/reps/basket","","TestDeleteItem/error_getting_rows_affected",""
"passed","Wed Oct 29 12:10:46 UTC 2025","Wed Oct 29 12:10:46 UTC 2025","0","","github.com/taucuya/ppo/internal/repository/postgres/reps/favourites","","github.com/taucuya/ppo/internal/repository/postgres/reps/favourites","","TestGetFIdByUId/successful_get_favourites_id_by_user_id",""
"passed","Wed Oct 29 12:10:46 UTC 2025","Wed Oct 29 12:10:50 UTC 2025","4570","","github.com/taucuya/ppo/internal/core/service/auth","","github.com/taucuya/ppo/internal/core/service/auth","","TestLogIn_AAA",""
"passed","Wed Oct 29 12:10:46 UTC 2025","Wed Oct 29 12:10:46 UTC 2025","0","","github.com/taucuya/ppo/internal/repository/postgres/reps/review","","github.com/taucuya/ppo/internal/repository/postgres/reps/review","","TestGetById/review_not_found",""
"passed","Wed Oct 29 12:10:46 UTC 2025","Wed Oct 29 12:10:46 UTC 2025","0","","github.com/taucuya/ppo/internal/core/service/review","","github.com/taucuya/ppo/internal/core/service/review","","TestReviewsForProduct_AAA",""
"passed","Wed Oct 29 12:10:46 UTC 2025","Wed Oct 29 12:10:46 UTC 2025","0","","github.com/taucuya/ppo/internal/core/service/brand","","github.com/taucuya/ppo/internal/core/service/brand","","TestGetById_AAA",""
"passed","Wed Oct 29 12:10:46 UTC 2025","Wed Oct 29 12:10:46 UTC 2025","0","","github.com/taucuya/ppo/internal/repository/postgres/reps/worker","","github.com/taucuya/ppo/internal/repository/postgres/reps/worker","","TestGetOrders/worker_not_found",""
"passed","Wed Oct 29 12:10:46 UTC 2025","Wed Oct 29 12:10:46 UTC 2025","0","","github.com/taucuya/ppo/internal/repository/postgres/reps/user","","github.com/taucuya/ppo/internal/repository/postgres/reps/user","","TestGetById/database_error",""
"passed","Wed Oct 29 12:10:46 UTC 2025","Wed Oct 29 12:10:46 UTC 2025","0","","github.com/taucuya/ppo/internal/repository/postgres/reps/brand","","github.com/taucuya/ppo/internal/repository/postgres/reps/brand","","TestGetById/successful_get_brand_by_ID",""
"passed","Wed Oct 29 12:10:46 UTC 2025","Wed Oct 29 12:10:46 UTC 2025","0","","github.com/taucuya/ppo/internal/core/service/review","","github.com/taucuya/ppo/internal/core/service/review","","TestGetById_AAA/successful_get_by_id",""
"passed","Wed Oct 29 12:10:46 UTC 2025","Wed Oct 29 12:10:46 UTC 2025","860","","github.com/taucuya/ppo/internal/repository/postgres/reps/user","","github.com/taucuya/ppo/internal/repository/postgres/reps/user","","TestCreate/database_error",""
"passed","Wed Oct 29 12:10:46 UTC 2025","Wed Oct 29 12:10:46 UTC 2025","0","","github.com/taucuya/ppo/internal/repository/postgres/reps/user","","github.com/taucuya/ppo/internal/repository/postgres/reps/user","","TestGetByPhone/database_error",""
"passed","Wed Oct 29 12:10:46 UTC 2025","Wed Oct 29 12:10:46 UTC 2025","0","","github.com/taucuya/ppo/internal/core/service/worker","","github.com/taucuya/ppo/internal/core/service/worker","","TestDelete_AAA/successful_delete",""
"passed","Wed Oct 29 12:10:46 UTC 2025","Wed Oct 29 12:10:46 UTC 2025","0","","github.com/taucuya/ppo/internal/core/service/product","","github.com/taucuya/ppo/internal/core/service/product","","TestGetByBrand_AAA",""
"passed","Wed Oct 29 12:10:46 UTC 2025","Wed Oct 29 12:10:46 UTC 2025","0","","github.com/taucuya/ppo/internal/core/service/basket","","github.com/taucuya/ppo/internal/core/service/basket","","TestDeleteItem/repository_error",""
"passed","Wed Oct 29 12:10:46 UTC 2025","Wed Oct 29 12:10:46 UTC 2025","0","","github.com/taucuya/ppo/internal/core/service/order","","github.com/taucuya/ppo/internal/core/service/order","","TestCreate_AAA/repository_error",""
"passed","Wed Oct 29 12:10:46 UTC 2025","Wed Oct 29 12:10:46 UTC 2025","0","","github.com/taucuya/ppo/internal/repository/postgres/reps/auth","","github.com/taucuya/ppo/internal/repository/postgres/reps/auth","","TestCreateToken/successful_token_creation",""
"passed","Wed Oct 29 12:10:46 UTC 2025","Wed Oct 29 12:10:46 UTC 2025","0","","github.com/taucuya/ppo/internal/repository/postgres/reps/brand","","github.com/taucuya/ppo/internal/repository/postgres/reps/brand","","TestGetAllBrandsInCategory/no_brands_found_in_category",""
"passed","Wed Oct 29 12:10:46 UTC 2025","Wed Oct 29 12:10:46 UTC 2025","0","","github.com/taucuya/ppo/internal/core/service/worker","","github.com/taucuya/ppo/internal/core/service/worker","","TestCreate_AAA/successful_creation",""
"passed","Wed Oct 29 12:10:46 UTC 2025","Wed Oct 29 12:10:46 UTC 2025","0","","github.com/taucuya/ppo/internal/repository/postgres/reps/order","","github.com/taucuya/ppo/internal/repository/postgres/reps/order","","TestUpdateStatus/database_error_when_updating_status",""
"passed","Wed Oct 29 12:10:46 UTC 2025","Wed Oct 29 12:10:46 UTC 2025","0","","github.com/taucuya/ppo/internal/core/service/user","","github.com/taucuya/ppo/internal/core/service/user","","TestCreate_AAA/successful_creation",""
"passed","Wed Oct 29 12:10:46 UTC 2025","Wed Oct 29 12:10:46 UTC 2025","0","","github.com/taucuya/ppo/internal/core/service/user","","github.com/taucuya/ppo/internal/core/service/user","","TestGetAllUsers_AAA",""
"passed","Wed Oct 29 12:10:46 UTC 2025","Wed Oct 29 12:10:46 UTC 2025","0","","github.com/taucuya/ppo/internal/repository/postgres/reps/order","","github.com/taucuya/ppo/internal/repository/postgres/reps/order","","TestGetOrdersByUser/database_error_when_getting_user_orders",""
"passed","Wed Oct 29 12:10:46 UTC 2025","Wed Oct 29 12:10:46 UTC 2025","0","","github.com/taucuya/ppo/internal/repository/postgres/reps/worker","","github.com/taucuya/ppo/internal/repository/postgres/reps/worker","","TestAcceptOrder",""
"passed","Wed Oct 29 12:10:46 UTC 2025","Wed Oct 29 12:10:46 UTC 2025","10","","github.com/taucuya/ppo/internal/repository/postgres/reps/auth","","github.com/taucuya/ppo/internal/repository/postgres/reps/auth","","TestCheckWorker",""
"passed","Wed Oct 29 12:10:46 UTC 2025","Wed Oct 29 12:10:46 UTC 2025","0","","github.com/taucuya/ppo/internal/repository/postgres/reps/auth","","github.com/taucuya/ppo/internal/repository/postgres/reps/auth","","TestDeleteToken/database_error_when_deleting_token",""
"passed","Wed Oct 29 12:10:46 UTC 2025","Wed Oct 29 12:10:46 UTC 2025","0","","github.com/taucuya/ppo/internal/core/service/worker","","github.com/taucuya/ppo/internal/core/service/worker","","TestDelete_AAA",""
"passed","Wed Oct 29 12:10:46 UTC 2025","Wed Oct 29 12:10:46 UTC 2025","0","","github.com/taucuya/ppo/internal/repository/postgres/reps/product","","github.com/taucuya/ppo/internal/repository/postgres/reps/product","","TestGetByBrand/database_error",""
"passed","Wed Oct 29 12:10:46 UTC 2025","Wed Oct 29 12:10:46 UTC 2025","0","","github.com/taucuya/ppo/internal/repository/postgres/reps/order","","github.com/taucuya/ppo/internal/repository/postgres/reps/order","","TestUpdateStatus/successful_update_status",""
"passed","Wed Oct 29 12:10:46 UTC 2025","Wed Oct 29 12:10:46 UTC 2025","0","","github.com/taucuya/ppo/internal/core/service/order","","github.com/taucuya/ppo/internal/core/service/order","","TestGetFreeOrders_AAA/repository_error",""
"passed","Wed Oct 29 12:10:46 UTC 2025","Wed Oct 29 12:10:47 UTC 2025","1050","","github.com/taucuya/ppo/internal/core/service/user","","github.com/taucuya/ppo/internal/core/service/user","","TestClassicCreate_AAA/repository_error_on_favourites_creation",""
"passed","Wed Oct 29 12:10:46 UTC 2025","Wed Oct 29 12:10:46 UTC 2025","0","","github.com/taucuya/ppo/internal/core/service/order","","github.com/taucuya/ppo/internal/core/service/order","","TestGetById_AAA/successful_get",""
"passed","Wed Oct 29 12:10:46 UTC 2025","Wed Oct 29 12:10:46 UTC 2025","0","","github.com/taucuya/ppo/internal/repository/postgres/reps/brand","","github.com/taucuya/ppo/internal/repository/postgres/reps/brand","","TestGetById/brand_not_found",""
"passed","Wed Oct 29 12:10:46 UTC 2025","Wed Oct 29 12:10:46 UTC 2025","0","","github.com/taucuya/ppo/internal/repository/postgres/reps/basket","","github.com/taucuya/ppo/internal/repository/postgres/reps/basket","","TestUpdateItemAmount/successful_update_item_amount",""
"passed","Wed Oct 29 12:10:46 UTC 2025","Wed Oct 29 12:10:46 UTC 2025","0","","github.com/taucuya/ppo/internal/core/service/order","","github.com/taucuya/ppo/internal/core/service/order","","TestDelete_AAA/successful_delete",""
"passed","Wed Oct 29 12:10:46 UTC 2025","Wed Oct 29 12:10:46 UTC 2025","0","","github.com/taucuya/ppo/internal/core/service/user","","github.com/taucuya/ppo/internal/core/service/user","","TestGetById_AAA/successful_get_by_id",""
"passed","Wed Oct 29 12:10:46 UTC 2025","Wed Oct 29 12:10:46 UTC 2025","0","","github.com/taucuya/ppo/internal/repository/postgres/reps/review","","github.com/taucuya/ppo/internal/repository/postgres/reps/review","","TestReviewsForProduct/database_error",""
"passed","Wed Oct 29 12:10:46 UTC 2025","Wed Oct 29 12:10:46 UTC 2025","0","","github.com/taucuya/ppo/internal/repository/postgres/reps/basket","","github.com/taucuya/ppo/internal/repository/postgres/reps/basket","","TestGetById/successful_get_basket_by_ID",""
"passed","Wed Oct 29 12:10:46 UTC 2025","Wed Oct 29 12:10:46 UTC 2025","0","","github.com/taucuya/ppo/internal/repository/postgres/reps/worker","","github.com/taucuya/ppo/internal/repository/postgres/reps/worker","","TestCreate/error_updating_user_role",""
"passed","Wed Oct 29 12:10:46 UTC 2025","Wed Oct 29 12:10:46 UTC 2025","0","","github.com/taucuya/ppo/internal/core/service/worker","","github.com/taucuya/ppo/internal/core/service/worker","","TestGetById_AAA/repository_error",""
"passed","Wed Oct 29 12:10:46 UTC 2025","Wed Oct 29 12:10:46 UTC 2025","10","","github.com/taucuya/ppo/internal/repository/postgres/reps/review","","github.com/taucuya/ppo/internal/repository/postgres/reps/review","","TestReviewsForProduct",""
"passed","Wed Oct 29 12:10:46 UTC 2025","Wed Oct 29 12:10:46 UTC 2025","0","","github.com/taucuya/ppo/internal/repository/postgres/reps/brand","","github.com/taucuya/ppo/internal/repository/postgres/reps/brand","","TestDelete",""
"passed","Wed Oct 29 12:10:46 UTC 2025","Wed Oct 29 12:10:46 UTC 2025","0","","github.com/taucuya/ppo/internal/repository/postgres/reps/favourites","","github.com/taucuya/ppo/internal/repository/postgres/reps/favourites","","TestGetItems/successful_get_items",""
"passed","Wed Oct 29 12:10:46 UTC 2025","Wed Oct 29 12:10:46 UTC 2025","0","","github.com/taucuya/ppo/internal/core/service/worker","","github.com/taucuya/ppo/internal/core/service/worker","","TestCreate_AAA/repository_error",""
"passed","Wed Oct 29 12:10:46 UTC 2025","Wed Oct 29 12:10:46 UTC 2025","0","","github.com/taucuya/ppo/internal/repository/postgres/reps/review","","github.com/taucuya/ppo/internal/repository/postgres/reps/review","","TestDelete",""
"passed","Wed Oct 29 12:10:46 UTC 2025","Wed Oct 29 12:10:46 UTC 2025","10","","github.com/taucuya/ppo/internal/repository/postgres/reps/order","","github.com/taucuya/ppo/internal/repository/postgres/reps/order","","TestGetById",""
"passed","Wed Oct 29 12:10:46 UTC 2025","Wed Oct 29 12:10:46 UTC 2025","0","","github.com/taucuya/ppo/internal/repository/postgres/reps/auth","","github.com/taucuya/ppo/internal/repository/postgres/reps/auth","","TestCheckWorker/user_is_worker",""
"passed","Wed Oct 29 12:10:46 UTC 2025","Wed Oct 29 12:10:46 UTC 2025","10","","github.com/taucuya/ppo/internal/repository/postgres/reps/product","","github.com/taucuya/ppo/internal/repository/postgres/reps/product","","TestDelete/successful_delete",""
"passed","Wed Oct 29 12:10:46 UTC 2025","Wed Oct 29 12:10:46 UTC 2025","0","","github.com/taucuya/ppo/internal/repository/postgres/reps/basket","","github.com/taucuya/ppo/internal/repository/postgres/reps/basket","","TestCreate/basket_creation_error",""
"passed","Wed Oct 29 12:10:46 UTC 2025","Wed Oct 29 12:10:46 UTC 2025","0","","github.com/taucuya/ppo/internal/core/service/order","","github.com/taucuya/ppo/internal/core/service/order","","TestCreate_AAA",""
"passed","Wed Oct 29 12:10:46 UTC 2025","Wed Oct 29 12:10:46 UTC 2025","0","","github.com/taucuya/ppo/internal/core/service/order","","github.com/taucuya/ppo/internal/core/service/order","","TestGetOrdersByUser_AAA",""
"passed","Wed Oct 29 12:10:46 UTC 2025","Wed Oct 29 12:10:46 UTC 2025","0","","github.com/taucuya/ppo/internal/repository/postgres/reps/review","","github.com/taucuya/ppo/internal/repository/postgres/reps/review","","TestCreateWithDifferentReviews/create_review_for_different_product",""
"passed","Wed Oct 29 12:10:46 UTC 2025","Wed Oct 29 12:10:46 UTC 2025","0","","github.com/taucuya/ppo/internal/repository/postgres/reps/favourites","","github.com/taucuya/ppo/internal/repository/postgres/reps/favourites","","TestGetFIdByUId/favourites_not_found_for_user",""
"passed","Wed Oct 29 12:10:46 UTC 2025","Wed Oct 29 12:10:46 UTC 2025","0","","github.com/taucuya/ppo/internal/repository/postgres/reps/worker","","github.com/taucuya/ppo/internal/repository/postgres/reps/worker","","TestGetAllWorkers/empty_list",""
"passed","Wed Oct 29 12:10:46 UTC 2025","Wed Oct 29 12:10:46 UTC 2025","0","","github.com/taucuya/ppo/internal/core/service/worker","","github.com/taucuya/ppo/internal/core/service/worker","","TestGetAllWorkers_AAA",""
"passed","Wed Oct 29 12:10:46 UTC 2025","Wed Oct 29 12:10:46 UTC 2025","0","","github.com/taucuya/ppo/internal/core/service/basket","","github.com/taucuya/ppo/internal/core/service/basket","","TestGetById_AAA/error_get_(not_found_basket_by_user)",""
"passed","Wed Oct 29 12:10:46 UTC 2025","Wed Oct 29 12:10:46 UTC 2025","0","","github.com/taucuya/ppo/internal/repository/postgres/reps/worker","","github.com/taucuya/ppo/internal/repository/postgres/reps/worker","","TestGetById/successful_get_by_id",""
"passed","Wed Oct 29 12:10:46 UTC 2025","Wed Oct 29 12:10:46 UTC 2025","0","","github.com/taucuya/ppo/internal/repository/postgres/reps/worker","","github.com/taucuya/ppo/internal/repository/postgres/reps/worker","","TestDelete/worker_not_found",""
"passed","Wed Oct 29 12:10:46 UTC 2025","Wed Oct 29 12:10:46 UTC 2025","0","","github.com/taucuya/ppo/internal/core/service/auth","","github.com/taucuya/ppo/internal/core/service/auth","","TestRefreshToken_AAA/refresh_error",""
"passed","Wed Oct 29 12:10:46 UTC 2025","Wed Oct 29 12:10:46 UTC 2025","10","","github.com/taucuya/ppo/internal/repository/postgres/reps/favourites","","github.com/taucuya/ppo/internal/repository/postgres/reps/favourites","","TestCreate",""
"passed","Wed Oct 29 12:10:46 UTC 2025","Wed Oct 29 12:10:46 UTC 2025","0","","github.com/taucuya/ppo/internal/core/service/brand","","github.com/taucuya/ppo/internal/core/service/brand","","TestGetAllBrandsInCategory_AAA/successful_get_all_brands_in_category",""
"passed","Wed Oct 29 12:10:46 UTC 2025","Wed Oct 29 12:10:46 UTC 2025","0","","github.com/taucuya/ppo/internal/core/service/review","","github.com/taucuya/ppo/internal/core/service/review","","TestCreate_AAA",""
"passed","Wed Oct 29 12:10:46 UTC 2025","Wed Oct 29 12:10:46 UTC 2025","0","","github.com/taucuya/ppo/internal/core/service/auth","","github.com/taucuya/ppo/internal/core/service/auth","","TestGetId_AAA/successful_ID_extraction",""
"passed","Wed Oct 29 12:10:46 UTC 2025","Wed Oct 29 12:10:46 UTC 2025","0","","github.com/taucuya/ppo/internal/core/service/worker","","github.com/taucuya/ppo/internal/core/service/worker","","TestGetOrders_AAA/successful_get_orders",""
"passed","Wed Oct 29 12:10:46 UTC 2025","Wed Oct 29 12:10:46 UTC 2025","0","","github.com/taucuya/ppo/internal/core/service/order","","github.com/taucuya/ppo/internal/core/service/order","","TestCreate_AAA/successful_creation",""
"passed","Wed Oct 29 12:10:46 UTC 2025","Wed Oct 29 12:10:46 UTC 2025","0","","github.com/taucuya/ppo/internal/core/service/user","","github.com/taucuya/ppo/internal/core/service/user","","TestCreate_AAA",""
"passed","Wed Oct 29 12:10:46 UTC 2025","Wed Oct 29 12:10:46 UTC 2025","10","","github.com/taucuya/ppo/internal/repository/postgres/reps/order","","github.com/taucuya/ppo/internal/repository/postgres/reps/order","","TestCreate",""
"passed","Wed Oct 29 12:10:46 UTC 2025","Wed Oct 29 12:10:46 UTC 2025","0","","github.com/taucuya/ppo/internal/repository/postgres/reps/worker","","github.com/taucuya/ppo/internal/repository/postgres/reps/worker","","TestDelete",""
"passed","Wed Oct 29 12:10:46 UTC 2025","Wed Oct 29 12:10:46 UTC 2025","0","","github.com/taucuya/ppo/internal/repository/postgres/reps/worker","","github.com/taucuya/ppo/internal/repository/postgres/reps/worker","","TestGetById/worker_not_found",""
"passed","Wed Oct 29 12:10:46 UTC 2025","Wed Oct 29 12:10:46 UTC 2025","0","","github.com/taucuya/ppo/internal/repository/postgres/reps/favourites","","github.com/taucuya/ppo/internal/repository/postgres/reps/favourites","","TestAddItem",""
"passed","Wed Oct 29 12:10:46 UTC 2025","Wed Oct 29 12:10:46 UTC 2025","0","","github.com/taucuya/ppo/internal/core/service/worker","","github.com/taucuya/ppo/internal/core/service/worker","","TestDelete_AAA/repository_error",""
"passed","Wed Oct 29 12:10:46 UTC 2025","Wed Oct 29 12:10:46 UTC 2025","0","","github.com/taucuya/ppo/internal/core/service/order","","github.com/taucuya/ppo/internal/core/service/order","","TestChangeOrderStatus_AAA/error_getting_order",""
"passed","Wed Oct 29 12:10:46 UTC 2025","Wed Oct 29 12:10:46 UTC 2025","0","","github.com/taucuya/ppo/internal/repository/postgres/reps/user","","github.com/taucuya/ppo/internal/repository/postgres/reps/user","","TestGetAllUsers/database_error",""
"passed","Wed Oct 29 12:10:46 UTC 2025","Wed Oct 29 12:10:46 UTC 2025","0","","github.com/taucuya/ppo/internal/core/service/worker","","github.com/taucuya/ppo/internal/core/service/worker","","TestGetAllWorkers_AAA/successful_get_all_workers",""
"passed","Wed Oct 29 12:10:46 UTC 2025","Wed Oct 29 12:10:46 UTC 2025","0","","github.com/taucuya/ppo/internal/repository/postgres/reps/order","","github.com/taucuya/ppo/internal/repository/postgres/reps/order","","TestCreate/order_creation_error",""
"passed","Wed Oct 29 12:10:46 UTC 2025","Wed Oct 29 12:10:46 UTC 2025","0","","github.com/taucuya/ppo/internal/core/service/product","","github.com/taucuya/ppo/internal/core/service/product","","TestCreate_AAA",""
"passed","Wed Oct 29 12:10:46 UTC 2025","Wed Oct 29 12:10:46 UTC 2025","0","","github.com/taucuya/ppo/internal/repository/postgres/reps/brand","","github.com/taucuya/ppo/internal/repository/postgres/reps/brand","","TestDelete/brand_not_found",""
"passed","Wed Oct 29 12:10:46 UTC 2025","Wed Oct 29 12:10:46 UTC 2025","0","","github.com/taucuya/ppo/internal/core/service/auth","","github.com/taucuya/ppo/internal/core/service/auth","","TestSignUp_AAA/sign-up_error(repository)",""
"passed","Wed Oct 29 12:10:46 UTC 2025","Wed Oct 29 12:10:46 UTC 2025","0","","github.com/taucuya/ppo/internal/repository/postgres/reps/product","","github.com/taucuya/ppo/internal/repository/postgres/reps/product","","TestDelete/database_error",""
"passed","Wed Oct 29 12:10:46 UTC 2025","Wed Oct 29 12:10:46 UTC 2025","0","","github.com/taucuya/ppo/internal/repository/postgres/reps/review","","github.com/taucuya/ppo/internal/repository/postgres/reps/review","","TestGetById/successful_get_by_id",""
"passed","Wed Oct 29 12:10:46 UTC 2025","Wed Oct 29 12:10:46 UTC 2025","0","","github.com/taucuya/ppo/internal/core/service/favourites","","github.com/taucuya/ppo/internal/core/service/favourites","","TestAddItem_AAA/successful_add",""
